Marca,Modelo,Versão,Código FIPE
Volkswagen,Gol-8071,Elétrico 150kW CVT,494481-4
Ford,EcoSport-2427,Híbrido Plug-in DSG,267025-6
Ford,Ka-4159,1.0 Flex AWD,029185-7
Fiat,Argo-5855,1.4 Fire CVT,726154-7
Chevrolet,Cruze-3831,Híbrido Plug-in Aut,915896-5
Ford,Ka-6155,Híbrido Plug-in Manual,726258-8
Tesla,Model Y-2301,1.5 Flex CVT,011903-9
Fiat,Strada-0983,1.5 Flex DSG,391138-7
Chevrolet,Montana-0353,Híbrido Plug-in Manual,125042-8
Toyota,RAV4-8378,Elétrico 150kW DSG,494988-2
Chevrolet,Tracker-6211,2.5 Híbrido Aut,655354-9
Volkswagen,Polo-5105,2.0 Turbo Manual,292289-2
Hyundai,Creta-2634,1.4 Fire Aut,313929-9
Tesla,Model X-4785,3.0 Diesel DSG,393083-3
Ford,Territory-4512,Híbrido Plug-in DSG,407760-9
Volkswagen,T-Cross-9110,3.0 Diesel DSG,947170-8
Ford,EcoSport-8102,3.0 Diesel Aut,512336-1
Hyundai,HB20-8691,Híbrido Plug-in CVT,725034-2
Volkswagen,T-Cross-4362,Elétrico 150kW AWD,449422-6
Ford,Ranger-7419,1.0 Flex AWD,042437-2
Tesla,Model Y-1130,1.4 Fire DSG,269471-2
Volkswagen,Polo-3359,1.4 Fire Aut,721113-5
Hyundai,Elantra-0250,2.5 Híbrido AWD,982106-7
BMW,M4-2687,2.5 Híbrido DSG,423505-5
Chevrolet,Tracker-5206,1.5 Flex CVT,947048-7
Tesla,Model Y-9644,Híbrido Plug-in Aut,817479-1
Fiat,Toro-6546,2.0 Turbo Aut,975246-7
Tesla,Model S-8147,2.0 Turbo DSG,260309-3
Ford,Territory-0624,3.0 Diesel AWD,209334-6
Fiat,Fastback-2748,1.4 Fire AWD,144281-4
Volkswagen,Tiguan-1524,Híbrido Plug-in AWD,165381-5
BMW,X3-7251,2.0 Turbo Aut,377872-6
Toyota,Yaris-7148,Híbrido Plug-in Manual,833064-8
Volkswagen,Tiguan-1745,1.0 Turbo AWD,958417-4
Volkswagen,T-Cross-9626,Híbrido Plug-in CVT,436443-3
Volkswagen,Gol-1164,1.5 Flex Manual,894688-4
Ford,Ka-6388,1.4 Fire DSG,925204-1
Toyota,Corolla-8835,Elétrico 150kW AWD,749578-6
Chevrolet,Spin-2233,2.0 Turbo Aut,769869-8
Ford,Ranger-6027,3.0 Diesel Manual,880752-2
Hyundai,IX35-5346,2.0 Turbo Manual,418551-2
Ford,Fiesta-2292,2.5 Híbrido AWD,486244-8
Volkswagen,Polo-8747,1.4 Fire DSG,426362-3
Fiat,Pulse-8421,3.0 Diesel AWD,522727-6
Volkswagen,Tiguan-7496,3.0 Diesel Aut,380403-9
Tesla,Model X-8408,1.0 Flex DSG,807723-7
Hyundai,HB20-7031,1.0 Flex CVT,371040-9
Volkswagen,Polo-4866,3.0 Diesel CVT,276860-1
Ford,EcoSport-6717,2.5 Híbrido Manual,964699-9
Tesla,Model X-0535,1.4 Fire AWD,270909-3
BMW,X1-0466,1.4 Fire Aut,991988-4
Toyota,Corolla-1146,1.0 Flex Manual,113609-2
Ford,Maverick-9751,1.0 Turbo Manual,835424-7
Hyundai,Elantra-8716,1.0 Flex DSG,012309-6
Tesla,Model X-3055,2.0 Turbo DSG,029113-4
BMW,X1-1242,1.4 Fire Aut,609100-1
Tesla,Model X-3803,2.0 Turbo Aut,751377-6
Tesla,Model 3-0453,2.0 Turbo Aut,056873-3
Volkswagen,Virtus-6033,1.0 Flex Manual,261072-3
Volkswagen,Tiguan-7874,3.0 Diesel DSG,018528-3
Toyota,Hilux-4618,3.0 Diesel AWD,192968-8
Chevrolet,Spin-8745,Híbrido Plug-in CVT,488895-5
Toyota,Corolla-6260,1.5 Flex Manual,106666-2
Fiat,Strada-5216,1.4 Fire AWD,184380-1
Toyota,RAV4-3731,1.0 Turbo DSG,357829-3
Hyundai,Elantra-7732,Elétrico 150kW Aut,821481-4
Ford,EcoSport-3559,Híbrido Plug-in Manual,010697-2
Tesla,Model X-3891,1.0 Flex Manual,649449-1
Tesla,Model 3-9258,2.0 Turbo AWD,772566-6
Hyundai,Tucson-3710,1.5 Flex Manual,101919-8
Hyundai,HB20-8396,Híbrido Plug-in DSG,032377-3
Fiat,Argo-1452,1.5 Flex AWD,132177-5
Volkswagen,Gol-8732,1.0 Turbo Manual,245219-4
Volkswagen,Tiguan-3125,2.5 Híbrido DSG,422693-9
Ford,Fiesta-5700,2.5 Híbrido DSG,372257-9
Tesla,Model Y-9000,1.5 Flex Aut,226559-8
Fiat,Argo-4205,1.0 Flex Aut,909480-9
Chevrolet,Tracker-3900,2.5 Híbrido Aut,826501-1
BMW,X5-3505,3.0 Diesel CVT,077291-8
Tesla,Model X-7522,1.0 Flex AWD,403001-7
Tesla,Model Y-0930,1.5 Flex AWD,394234-3
Tesla,Cybertruck-8317,Híbrido Plug-in DSG,523872-6
BMW,320i-9551,3.0 Diesel CVT,009303-8
Fiat,Pulse-3884,1.5 Flex DSG,641972-7
Hyundai,IX35-1588,Elétrico 150kW AWD,832705-2
Toyota,Hilux-4501,1.4 Fire AWD,510478-9
Hyundai,Tucson-0202,Elétrico 150kW AWD,437602-2
Hyundai,Creta-9432,1.5 Flex DSG,239808-9
Volkswagen,T-Cross-5045,2.0 Turbo Manual,879363-7
Ford,Fiesta-8697,1.0 Turbo DSG,634821-2
Ford,Maverick-5788,2.5 Híbrido Manual,753848-4
Hyundai,IX35-9366,Elétrico 150kW DSG,369813-2
Toyota,Prius-5100,1.0 Flex AWD,741610-9
Tesla,Model S-9282,1.4 Fire DSG,867939-4
Tesla,Cybertruck-2745,2.5 Híbrido Manual,162303-9
Volkswagen,Polo-2768,1.4 Fire DSG,555539-6
Tesla,Model S-6283,2.5 Híbrido Aut,588037-9
Fiat,Argo-3775,3.0 Diesel CVT,042096-6
Chevrolet,Tracker-8408,Elétrico 150kW DSG,554863-7
Hyundai,IX35-4052,1.4 Fire AWD,939425-9
Chevrolet,S10-3457,Elétrico 150kW CVT,312962-3
Tesla,Cybertruck-7739,1.0 Turbo Aut,686253-2
BMW,520i-5755,1.0 Flex CVT,155415-4
Volkswagen,Polo-1885,Híbrido Plug-in CVT,601911-8
Ford,Fiesta-8756,1.0 Flex Manual,074100-4
Ford,Ka-2146,2.5 Híbrido DSG,325297-3
Fiat,Fastback-7979,Elétrico 150kW Aut,106813-8
Ford,Fiesta-8526,Elétrico 150kW Manual,563490-9
Hyundai,Tucson-3957,Híbrido Plug-in DSG,240369-7
Fiat,Argo-0076,2.5 Híbrido Aut,686866-6
BMW,X5-1167,1.0 Flex DSG,559804-1
Chevrolet,Tracker-1792,1.0 Flex Manual,282401-9
Fiat,Fastback-2006,Elétrico 150kW Aut,599899-6
Chevrolet,Tracker-3021,1.0 Turbo DSG,610715-5
Fiat,Cronos-5442,2.5 Híbrido AWD,379686-4
Tesla,Model X-9784,1.0 Flex Manual,173372-5
Chevrolet,Tracker-1697,2.0 Turbo Aut,377233-9
Chevrolet,Tracker-5874,2.5 Híbrido AWD,410222-7
Volkswagen,Tiguan-1516,2.0 Turbo DSG,534147-3
Chevrolet,Onix-7946,1.0 Flex CVT,398855-8
BMW,M4-5321,1.0 Turbo Aut,812275-5
BMW,520i-9577,1.5 Flex AWD,275015-7
Fiat,Argo-3628,1.4 Fire Manual,402169-2
Ford,Territory-8501,Elétrico 150kW CVT,178678-4
Tesla,Model X-8174,1.0 Turbo DSG,465314-5
Volkswagen,Gol-3218,1.4 Fire CVT,944452-2
BMW,X3-9919,1.4 Fire Manual,353125-9
Fiat,Pulse-2219,1.0 Flex CVT,666798-7
BMW,520i-3633,Híbrido Plug-in Aut,498081-4
Fiat,Pulse-8421,Elétrico 150kW Aut,227797-3
BMW,X5-8137,Híbrido Plug-in CVT,206813-6
Toyota,RAV4-2843,1.5 Flex Manual,909302-6
Chevrolet,Cruze-3712,1.5 Flex Manual,981086-4
Volkswagen,Virtus-9482,1.5 Flex AWD,550080-1
Toyota,Yaris-8169,1.0 Flex Manual,008731-9
Fiat,Argo-8028,2.0 Turbo DSG,552868-5
Volkswagen,Nivus-0324,1.4 Fire CVT,728420-8
Chevrolet,Montana-1486,Elétrico 150kW AWD,209799-7
Fiat,Toro-7249,1.0 Flex DSG,005570-1
Fiat,Fastback-0783,1.0 Flex Manual,490471-6
Chevrolet,Cruze-8721,3.0 Diesel Aut,646526-5
Fiat,Strada-2664,2.5 Híbrido AWD,493943-6
BMW,X3-6965,1.5 Flex Manual,396201-3
Chevrolet,S10-2704,2.0 Turbo DSG,717777-1
Chevrolet,Spin-1260,2.0 Turbo CVT,820642-6
Fiat,Fastback-8239,Elétrico 150kW AWD,473180-6
Fiat,Fastback-2844,1.4 Fire DSG,903049-7
Toyota,RAV4-1866,2.0 Turbo AWD,791975-2
Ford,EcoSport-2284,Híbrido Plug-in CVT,247940-7
Ford,Fiesta-1064,1.0 Flex DSG,755731-2
Chevrolet,Onix-7586,1.5 Flex CVT,955427-2
Fiat,Cronos-2364,3.0 Diesel CVT,727152-5
Ford,EcoSport-9220,1.0 Turbo DSG,556935-1
Tesla,Model S-2842,Elétrico 150kW DSG,306164-2
Hyundai,IX35-1901,1.0 Turbo CVT,672042-5
Toyota,Hilux-1227,1.0 Turbo AWD,072350-7
Ford,Ranger-2959,1.5 Flex Manual,776169-1
Chevrolet,Spin-0048,2.0 Turbo AWD,991922-2
Chevrolet,Spin-2568,1.4 Fire Manual,530832-1
Hyundai,Elantra-5098,1.0 Flex DSG,485249-1
Ford,Ranger-8981,Híbrido Plug-in DSG,949187-3
Ford,Fiesta-5241,1.0 Flex CVT,353517-3
Fiat,Pulse-9912,1.5 Flex Manual,307889-2
Chevrolet,Cruze-3315,Elétrico 150kW AWD,759773-3
Hyundai,Kona-5963,Híbrido Plug-in CVT,381035-2
Toyota,RAV4-4124,1.5 Flex Manual,085049-2
Toyota,SW4-9623,1.4 Fire CVT,832820-5
Hyundai,Elantra-9858,Híbrido Plug-in CVT,252104-3
Ford,Maverick-3411,1.4 Fire CVT,735638-9
Fiat,Strada-8008,1.4 Fire Manual,707090-2
Ford,Territory-9686,1.4 Fire CVT,684638-5
Tesla,Model X-9428,1.5 Flex AWD,940795-9
Hyundai,IX35-1354,1.0 Flex Manual,125442-2
Toyota,Yaris-8833,Híbrido Plug-in Aut,765027-4
BMW,320i-7954,1.0 Turbo Manual,098418-9
Tesla,Model S-8639,2.0 Turbo CVT,320783-9
Ford,Fiesta-1203,Elétrico 150kW Manual,742505-2
Toyota,SW4-9172,1.0 Flex DSG,729532-5
Hyundai,IX35-8551,Elétrico 150kW DSG,166251-1
Ford,Maverick-5268,1.0 Turbo Manual,042240-7
Hyundai,Elantra-5466,1.0 Flex CVT,895270-5
Chevrolet,Cruze-9539,1.0 Turbo AWD,095717-3
Hyundai,Creta-9799,2.5 Híbrido Manual,110218-5
BMW,520i-3421,1.5 Flex Aut,208146-4
Tesla,Cybertruck-7147,2.0 Turbo DSG,444842-4
BMW,320i-2283,1.4 Fire Aut,947909-9
Volkswagen,Tiguan-7125,3.0 Diesel Aut,682530-6
BMW,M4-8403,1.5 Flex AWD,143093-6
Toyota,Corolla-6275,Elétrico 150kW DSG,189377-7
BMW,520i-9967,1.5 Flex AWD,954276-1
Volkswagen,T-Cross-4275,2.5 Híbrido Manual,593340-5
BMW,520i-4480,1.4 Fire AWD,027020-3
BMW,X3-7401,1.5 Flex CVT,657522-8
Chevrolet,Onix-8943,2.5 Híbrido CVT,683112-4
Ford,Fiesta-2494,Elétrico 150kW CVT,915171-6
Volkswagen,Gol-6483,2.0 Turbo DSG,247994-3
Toyota,Hilux-1910,Híbrido Plug-in DSG,289699-2
Toyota,Yaris-4533,1.0 Turbo Manual,161779-8
Toyota,Yaris-8819,2.5 Híbrido AWD,055719-9
Fiat,Cronos-2555,1.0 Turbo Manual,273936-2
Tesla,Model X-8853,Híbrido Plug-in AWD,185435-1
Tesla,Model Y-7539,1.0 Turbo CVT,501377-7
Volkswagen,Virtus-6808,2.0 Turbo AWD,165683-1
BMW,X1-5290,1.4 Fire Manual,294674-4
Tesla,Model 3-9121,1.0 Flex DSG,787748-7
Ford,Ranger-2196,3.0 Diesel CVT,837760-4
Volkswagen,Polo-4768,1.4 Fire Aut,675414-8
Hyundai,IX35-1035,3.0 Diesel Aut,478978-3
BMW,320i-9955,1.0 Turbo AWD,440160-3
Toyota,Yaris-5749,1.5 Flex AWD,643889-2
Toyota,Corolla-2229,1.5 Flex DSG,708266-7
Volkswagen,Tiguan-2733,2.0 Turbo Manual,411625-1
Tesla,Model X-7416,Elétrico 150kW Manual,028141-7
Volkswagen,T-Cross-6244,2.0 Turbo Manual,934933-8
Volkswagen,Gol-8215,1.0 Turbo AWD,591218-5
Ford,Ka-0349,2.0 Turbo AWD,825089-7
BMW,X1-3888,2.0 Turbo DSG,433465-6
Volkswagen,Polo-8269,1.0 Flex CVT,529201-6
Toyota,Prius-7181,Elétrico 150kW AWD,658329-7
Ford,EcoSport-3303,Híbrido Plug-in Aut,083986-9
BMW,320i-8642,Elétrico 150kW CVT,993120-1
Toyota,Hilux-6125,Elétrico 150kW CVT,473914-6
Chevrolet,Tracker-2037,Híbrido Plug-in DSG,616097-1
Tesla,Model 3-2575,2.5 Híbrido Manual,785871-1
Volkswagen,Virtus-8580,Híbrido Plug-in CVT,549972-3
Fiat,Argo-8543,1.0 Turbo AWD,214213-9
Chevrolet,S10-9306,2.0 Turbo Aut,917706-1
BMW,X3-9145,1.0 Flex Manual,571675-6
Chevrolet,Spin-1945,Elétrico 150kW AWD,898712-5
Hyundai,IX35-1272,1.0 Flex Manual,828286-1
Volkswagen,Polo-8622,1.0 Turbo AWD,719904-3
Volkswagen,Virtus-5439,Híbrido Plug-in Aut,818449-4
Hyundai,Elantra-4715,2.0 Turbo CVT,797715-3
Hyundai,Elantra-5315,1.0 Flex Manual,472188-4
Tesla,Cybertruck-7146,1.0 Flex CVT,066011-7
Ford,Ranger-4040,1.0 Flex DSG,995629-9
BMW,X3-2400,Elétrico 150kW CVT,446072-8
Tesla,Model 3-9574,1.0 Turbo CVT,745853-3
Chevrolet,Tracker-0815,2.5 Híbrido Manual,935978-8
Tesla,Model Y-2267,2.5 Híbrido Manual,395828-8
Toyota,SW4-9214,Híbrido Plug-in Manual,125936-5
Tesla,Cybertruck-1285,2.5 Híbrido CVT,590074-9
Toyota,RAV4-4030,1.5 Flex Aut,164766-3
Ford,EcoSport-1172,Híbrido Plug-in AWD,177373-7
Volkswagen,Tiguan-8446,2.0 Turbo DSG,405602-5
Hyundai,Elantra-4907,1.0 Turbo Aut,224794-8
Toyota,RAV4-3161,2.0 Turbo CVT,786928-4
Hyundai,Tucson-2071,1.0 Flex CVT,504908-1
Fiat,Cronos-0451,1.0 Flex CVT,222454-4
Hyundai,Creta-6780,1.0 Turbo AWD,617299-4
Ford,EcoSport-1552,3.0 Diesel AWD,783751-1
Tesla,Model S-0258,3.0 Diesel DSG,326992-9
Hyundai,IX35-8639,Elétrico 150kW DSG,949264-8
Tesla,Cybertruck-2597,Híbrido Plug-in DSG,810847-6
Volkswagen,Nivus-0573,1.0 Turbo Manual,696185-1
Toyota,Prius-6764,1.4 Fire Aut,807348-2
BMW,X3-4853,1.0 Flex Aut,579271-1
Tesla,Model S-7567,1.4 Fire CVT,306221-1
Tesla,Model S-0697,1.5 Flex AWD,251026-4
Toyota,RAV4-9204,3.0 Diesel DSG,532152-1
Chevrolet,Onix-2433,Híbrido Plug-in DSG,163201-7
Chevrolet,Montana-3951,2.0 Turbo DSG,964508-9
Ford,Fiesta-2723,Elétrico 150kW DSG,380012-4
Toyota,SW4-5459,3.0 Diesel Manual,513573-7
Ford,Fiesta-7612,1.5 Flex DSG,325790-6
Fiat,Cronos-3142,1.0 Flex Aut,933868-2
Hyundai,Elantra-8112,Híbrido Plug-in CVT,800521-5
Toyota,RAV4-7264,3.0 Diesel DSG,188652-1
Hyundai,Kona-0023,1.4 Fire Aut,013009-6
Fiat,Strada-4953,1.0 Flex Manual,254515-9
Tesla,Model X-0426,2.0 Turbo AWD,091866-8
Ford,EcoSport-5475,3.0 Diesel AWD,835123-5
Toyota,Yaris-7726,1.0 Turbo AWD,325475-6
Chevrolet,S10-9633,1.0 Flex AWD,893190-2
Tesla,Model 3-2488,1.4 Fire Aut,932432-6
Volkswagen,Tiguan-1602,1.5 Flex AWD,651528-8
Chevrolet,S10-2876,2.0 Turbo Manual,487218-9
Fiat,Pulse-7633,2.0 Turbo CVT,338740-1
Volkswagen,Tiguan-2167,1.4 Fire DSG,217402-6
Ford,Fiesta-8316,2.5 Híbrido Manual,124906-4
Hyundai,Creta-6057,2.0 Turbo DSG,144449-5
Tesla,Model X-5030,1.5 Flex Aut,014795-2
BMW,X5-9111,1.0 Turbo Manual,535340-4
Ford,Ranger-4570,1.0 Turbo AWD,756776-8
Toyota,Hilux-0336,1.5 Flex AWD,524426-3
Fiat,Fastback-3838,3.0 Diesel AWD,408762-2
Ford,Maverick-0139,2.0 Turbo CVT,133275-1
Chevrolet,Cruze-4517,Elétrico 150kW Manual,392905-1
Volkswagen,Polo-2065,2.0 Turbo AWD,336729-8
BMW,X5-0564,2.5 Híbrido CVT,264719-5
BMW,X1-4040,1.5 Flex Manual,271365-4
Fiat,Strada-5021,Elétrico 150kW AWD,617524-4
Ford,Ka-7345,1.0 Turbo CVT,309002-2
Volkswagen,Virtus-5397,1.0 Turbo AWD,888465-3
Hyundai,Elantra-1775,Híbrido Plug-in Aut,744675-7
Ford,EcoSport-1631,2.5 Híbrido CVT,038378-9
Chevrolet,Cruze-6914,Híbrido Plug-in AWD,313265-9
BMW,X1-5348,2.0 Turbo AWD,602919-8
Toyota,Yaris-5378,2.0 Turbo CVT,946122-1
Fiat,Toro-3009,2.0 Turbo DSG,049982-7
Fiat,Toro-8262,1.0 Flex Aut,849472-2
Volkswagen,T-Cross-8255,1.5 Flex AWD,516872-5
Toyota,Corolla-7112,1.4 Fire CVT,243977-4
Ford,Territory-6439,Híbrido Plug-in CVT,294467-1
Hyundai,IX35-9874,Híbrido Plug-in CVT,755059-6
Fiat,Argo-4546,2.5 Híbrido DSG,278888-3
Tesla,Model S-6353,2.5 Híbrido Aut,124624-9
Hyundai,Elantra-7862,2.5 Híbrido CVT,313312-1
Fiat,Cronos-9832,1.0 Turbo DSG,056897-1
BMW,520i-9634,2.5 Híbrido Manual,457893-7
BMW,520i-6153,1.0 Turbo CVT,725604-1
Fiat,Pulse-4562,1.0 Flex AWD,930175-5
Toyota,Yaris-5927,1.0 Flex Manual,029559-9
Tesla,Cybertruck-3851,2.5 Híbrido DSG,732673-8
Tesla,Cybertruck-8508,1.0 Turbo CVT,990263-8
Tesla,Model S-6689,Híbrido Plug-in DSG,313400-5
Volkswagen,Polo-3389,Elétrico 150kW Manual,222900-4
Ford,Fiesta-3199,1.0 Flex DSG,016695-8
Volkswagen,Gol-1498,1.5 Flex AWD,724220-5
Fiat,Toro-5250,1.4 Fire DSG,605716-9
Hyundai,Creta-6337,2.5 Híbrido Manual,440181-2
Hyundai,Kona-7093,3.0 Diesel Manual,098354-3
BMW,X1-1210,3.0 Diesel Manual,821795-8
Chevrolet,Cruze-9683,Híbrido Plug-in Aut,850705-4
Chevrolet,S10-7480,2.5 Híbrido Aut,977881-3
Chevrolet,Montana-8710,1.0 Turbo AWD,410910-1
Fiat,Cronos-5055,1.5 Flex AWD,592567-2
Hyundai,Creta-6554,Elétrico 150kW DSG,882985-3
Toyota,Corolla-1202,3.0 Diesel Manual,899576-4
Chevrolet,Cruze-8048,Elétrico 150kW CVT,742416-6
Hyundai,Tucson-5358,1.0 Turbo AWD,802840-5
BMW,X1-7120,Híbrido Plug-in DSG,538496-3
Fiat,Cronos-2044,1.0 Turbo Aut,723594-7
Chevrolet,Tracker-7830,2.5 Híbrido Manual,683151-8
Ford,Territory-1228,1.4 Fire DSG,915769-5
Chevrolet,Onix-9429,1.0 Flex AWD,208355-6
Hyundai,Tucson-1278,2.0 Turbo AWD,478668-2
Ford,Ka-4429,1.0 Flex DSG,433448-8
Volkswagen,Polo-9582,2.0 Turbo DSG,963928-3
Toyota,Prius-6866,2.0 Turbo Aut,017899-1
BMW,M4-8763,2.5 Híbrido Manual,760758-2
Ford,Ka-5147,Elétrico 150kW DSG,313952-3
Tesla,Model S-0996,1.5 Flex Manual,378034-3
Toyota,SW4-5988,1.5 Flex AWD,951276-5
Ford,Fiesta-3098,1.0 Flex AWD,394400-7
Fiat,Strada-3850,2.0 Turbo DSG,101978-3
Toyota,Corolla-5164,2.0 Turbo DSG,502394-9
Ford,EcoSport-1030,1.0 Flex Manual,898326-1
Fiat,Cronos-9557,1.0 Flex CVT,369613-2
Chevrolet,Spin-5586,1.0 Turbo DSG,627397-7
Volkswagen,Polo-4802,1.0 Turbo DSG,108320-3
Volkswagen,Virtus-8234,1.5 Flex Aut,640385-7
Fiat,Cronos-2366,1.0 Turbo AWD,406793-8
Tesla,Model 3-7313,1.4 Fire Manual,586610-8
Fiat,Pulse-9291,2.5 Híbrido Manual,950482-5
Ford,Maverick-6512,1.4 Fire DSG,118034-1
Tesla,Model X-0406,Elétrico 150kW CVT,653564-1
Tesla,Model X-8721,2.5 Híbrido Manual,539418-7
Tesla,Model Y-8340,Elétrico 150kW AWD,460428-2
Toyota,Hilux-0501,Elétrico 150kW DSG,924182-2
Toyota,Prius-4420,1.4 Fire Manual,017185-9
Fiat,Argo-4248,3.0 Diesel Manual,766977-3
Hyundai,Creta-5614,2.0 Turbo Manual,822625-5
Ford,EcoSport-9509,2.0 Turbo AWD,766102-9
Toyota,Hilux-0106,1.0 Turbo Aut,441578-2
Fiat,Pulse-3675,1.5 Flex Aut,524493-7
Hyundai,Tucson-6580,Elétrico 150kW DSG,380536-5
Toyota,Corolla-0405,1.4 Fire AWD,109669-7
Tesla,Model Y-8184,1.4 Fire Manual,643974-4
Toyota,Hilux-3528,1.4 Fire CVT,164196-7
Ford,Ranger-2335,1.5 Flex DSG,697674-1
Tesla,Model Y-4894,Elétrico 150kW DSG,300892-7
Toyota,RAV4-8058,1.5 Flex Manual,368650-6
Hyundai,Elantra-4476,3.0 Diesel CVT,919290-4
Volkswagen,T-Cross-7796,1.0 Turbo Aut,805807-4
Tesla,Model Y-0263,2.5 Híbrido AWD,177666-9
Tesla,Model S-4867,1.0 Turbo CVT,576441-1
Fiat,Strada-4234,2.0 Turbo CVT,026295-2
Toyota,RAV4-9754,3.0 Diesel DSG,610372-6
Chevrolet,Onix-2751,1.5 Flex Aut,455327-7
Tesla,Model X-8915,1.0 Turbo Manual,455418-8
Hyundai,Tucson-4132,2.0 Turbo Aut,143688-2
Volkswagen,Nivus-1689,2.0 Turbo DSG,753331-4
BMW,520i-7583,3.0 Diesel CVT,714256-1
Volkswagen,Tiguan-1371,1.0 Flex DSG,342744-3
BMW,X3-6838,1.4 Fire Manual,530237-4
Tesla,Model S-6534,Elétrico 150kW CVT,995918-4
Volkswagen,Tiguan-0176,1.0 Flex DSG,052293-5
BMW,520i-6926,2.5 Híbrido Manual,018832-3
Fiat,Fastback-5948,1.0 Flex DSG,571237-7
Ford,Fiesta-4886,2.0 Turbo AWD,721710-5
Ford,Ka-8786,1.4 Fire AWD,464461-8
Volkswagen,Nivus-0715,1.0 Flex DSG,223985-1
Hyundai,IX35-5185,2.5 Híbrido DSG,289181-7
Chevrolet,Spin-2232,Elétrico 150kW DSG,875449-5
Chevrolet,Onix-0504,2.0 Turbo AWD,576046-5
Ford,Fiesta-1302,1.4 Fire DSG,572683-3
Volkswagen,T-Cross-8292,2.5 Híbrido DSG,787150-7
Chevrolet,Cruze-6805,3.0 Diesel CVT,650507-3
BMW,X3-7276,Híbrido Plug-in DSG,306720-2
Volkswagen,Tiguan-2826,1.0 Turbo Manual,569028-7
Fiat,Cronos-4990,2.0 Turbo AWD,011592-2
Fiat,Strada-1845,1.0 Flex Manual,679082-3
Tesla,Model Y-2030,1.0 Turbo AWD,554516-7
Fiat,Toro-2526,3.0 Diesel Manual,813099-3
Chevrolet,Onix-6698,Elétrico 150kW Manual,221113-5
Hyundai,Kona-3634,2.5 Híbrido Manual,037460-6
BMW,X5-9520,3.0 Diesel Aut,565308-6
Fiat,Toro-2584,2.0 Turbo Aut,848239-8
Fiat,Strada-7019,2.0 Turbo AWD,246409-5
Toyota,RAV4-4579,3.0 Diesel AWD,288284-9
Fiat,Toro-8464,3.0 Diesel Manual,022039-7
BMW,320i-9966,Elétrico 150kW CVT,864724-4
BMW,X3-8283,1.4 Fire DSG,900339-7
Hyundai,Elantra-2716,2.5 Híbrido Aut,403132-2
Toyota,Hilux-5460,Elétrico 150kW AWD,029192-6
Fiat,Cronos-3145,Híbrido Plug-in CVT,719839-4
Hyundai,Creta-5047,Elétrico 150kW DSG,621901-4
Toyota,RAV4-1298,1.5 Flex Aut,463079-5
BMW,X1-6893,2.5 Híbrido AWD,420071-9
Chevrolet,Cruze-3563,1.0 Turbo AWD,030364-3
Toyota,Hilux-8302,1.0 Flex AWD,022925-9
Tesla,Model X-9169,1.0 Flex CVT,895221-6
Hyundai,Creta-5527,Elétrico 150kW AWD,451927-1
Volkswagen,Polo-7439,1.5 Flex AWD,840240-6
Ford,Territory-4793,Elétrico 150kW Aut,295704-8
Fiat,Argo-7373,2.5 Híbrido AWD,936819-4
Hyundai,Elantra-1030,1.0 Flex DSG,800680-1
Fiat,Cronos-0778,1.0 Flex DSG,218563-1
BMW,320i-6663,1.5 Flex AWD,640102-2
Ford,Territory-1148,2.0 Turbo Manual,124081-5
Chevrolet,Onix-8676,2.0 Turbo DSG,003706-6
Chevrolet,Cruze-2191,Elétrico 150kW CVT,963478-2
Hyundai,Kona-8873,Híbrido Plug-in Manual,888624-7
Hyundai,HB20-9303,2.0 Turbo AWD,897320-2
Chevrolet,Onix-9319,Híbrido Plug-in CVT,417040-7
BMW,X3-1709,1.4 Fire Aut,497037-4
Fiat,Pulse-2313,Elétrico 150kW Aut,357818-8
Hyundai,Creta-0230,2.5 Híbrido Aut,266672-3
Ford,Maverick-4215,Elétrico 150kW AWD,785335-3
Chevrolet,Tracker-2957,1.0 Turbo Aut,730966-3
Ford,Ranger-5573,3.0 Diesel AWD,016676-6
BMW,X3-9553,2.0 Turbo CVT,561570-5
Fiat,Toro-0841,1.0 Flex Aut,608029-1
Toyota,RAV4-1065,Híbrido Plug-in Aut,112824-1
Ford,Territory-9320,2.0 Turbo AWD,743115-6
Toyota,Yaris-0048,1.5 Flex AWD,757814-6
Fiat,Toro-0415,1.0 Flex CVT,261267-1
BMW,X1-5716,2.0 Turbo Manual,919332-7
Tesla,Model Y-1859,1.4 Fire AWD,282324-1
Hyundai,Elantra-2923,1.0 Flex Manual,081834-8
BMW,X3-6884,1.5 Flex Aut,131740-5
Chevrolet,Onix-9998,1.0 Turbo DSG,526555-3
Tesla,Model Y-2018,3.0 Diesel CVT,837718-6
Tesla,Model X-2984,3.0 Diesel DSG,290740-7
Hyundai,HB20-2201,2.0 Turbo Manual,893906-9
Hyundai,Kona-5675,1.4 Fire DSG,684222-5
Toyota,SW4-1568,2.5 Híbrido AWD,217096-1
Tesla,Model 3-6622,3.0 Diesel CVT,337567-6
BMW,320i-5559,1.5 Flex Manual,745676-6
Tesla,Model S-3886,1.5 Flex Manual,371741-4
Hyundai,HB20-6128,1.5 Flex Aut,100121-6
Hyundai,Tucson-1218,3.0 Diesel Manual,470439-4
Toyota,Prius-3257,Elétrico 150kW Aut,151333-6
Tesla,Cybertruck-5308,2.5 Híbrido CVT,031557-9
Volkswagen,Gol-4924,Elétrico 150kW AWD,029500-7
Hyundai,Elantra-6507,3.0 Diesel AWD,281351-4
Tesla,Cybertruck-3487,Híbrido Plug-in Aut,944659-5
Chevrolet,S10-2113,1.0 Flex DSG,245520-7
BMW,520i-0922,1.0 Flex CVT,155790-4
Volkswagen,Polo-2262,1.0 Turbo Manual,492705-5
Tesla,Model Y-1802,3.0 Diesel AWD,487937-1
Ford,Maverick-9037,1.4 Fire DSG,659928-6
Ford,EcoSport-3215,2.5 Híbrido Manual,123621-2
Toyota,RAV4-9354,Elétrico 150kW CVT,927276-2
Volkswagen,Tiguan-6743,2.5 Híbrido Manual,069420-2
Hyundai,Tucson-6682,Híbrido Plug-in Aut,071816-1
Toyota,Hilux-6714,Elétrico 150kW AWD,615192-8
Fiat,Cronos-5813,1.0 Flex DSG,320151-4
Volkswagen,Virtus-3536,1.5 Flex DSG,919090-6
Chevrolet,Spin-3099,3.0 Diesel DSG,544580-2
Volkswagen,Nivus-6366,Elétrico 150kW Aut,063869-9
Hyundai,Tucson-8681,1.5 Flex Manual,941439-5
Ford,Fiesta-2380,3.0 Diesel DSG,817621-3
Ford,Ka-5928,2.0 Turbo Manual,027690-9
Toyota,Prius-7013,Híbrido Plug-in AWD,537414-9
BMW,520i-6831,1.4 Fire AWD,366377-5
Ford,Fiesta-7050,2.5 Híbrido Aut,030534-5
Tesla,Model S-4041,1.4 Fire CVT,363894-5
Volkswagen,Nivus-3570,Híbrido Plug-in Aut,000460-5
Tesla,Model 3-6413,Elétrico 150kW AWD,734441-8
Chevrolet,Onix-6746,2.5 Híbrido DSG,874269-1
BMW,320i-1173,3.0 Diesel AWD,142787-8
Hyundai,Tucson-5089,Elétrico 150kW Aut,690464-9
Hyundai,Elantra-7847,2.0 Turbo Manual,936812-4
Fiat,Pulse-1466,1.4 Fire DSG,130459-4
Hyundai,Creta-4252,1.0 Flex DSG,191723-1
Ford,Ka-7966,1.5 Flex AWD,729698-4
Hyundai,IX35-3400,1.0 Flex CVT,583733-6
Hyundai,Elantra-5859,1.0 Flex Aut,457447-5
Ford,Maverick-9643,1.0 Flex AWD,058366-4
Toyota,Corolla-7225,3.0 Diesel Manual,049173-5
BMW,X5-8003,2.0 Turbo AWD,191216-1
Toyota,Hilux-6124,1.0 Flex CVT,770721-9
Tesla,Cybertruck-1896,2.5 Híbrido DSG,492917-1
Ford,EcoSport-0539,1.0 Turbo CVT,850595-3
BMW,X5-6823,3.0 Diesel Aut,594392-4
Toyota,Prius-7456,Elétrico 150kW DSG,778739-1
Hyundai,Tucson-7896,Elétrico 150kW CVT,976707-1
Fiat,Fastback-2783,1.4 Fire Manual,519754-4
Toyota,SW4-0763,1.4 Fire AWD,889934-5
Toyota,Corolla-2052,1.0 Flex CVT,345208-7
Hyundai,HB20-0491,Elétrico 150kW Manual,824085-2
Volkswagen,T-Cross-1449,Híbrido Plug-in Aut,947220-9
Fiat,Cronos-5427,1.0 Flex DSG,246296-4
Hyundai,HB20-0547,1.0 Turbo DSG,116721-8
Ford,Fiesta-1777,Elétrico 150kW AWD,509067-5
Tesla,Cybertruck-2727,1.0 Turbo CVT,222838-5
Ford,EcoSport-1922,2.0 Turbo DSG,337948-9
Fiat,Pulse-6365,1.5 Flex CVT,031772-8
Chevrolet,Cruze-1602,Híbrido Plug-in Manual,967940-8
Tesla,Model 3-7073,2.0 Turbo DSG,396500-5
Ford,Territory-6277,3.0 Diesel DSG,199485-4
Hyundai,HB20-8265,1.4 Fire AWD,784600-9
BMW,X1-9580,2.5 Híbrido CVT,326683-3
Chevrolet,Onix-6532,1.0 Turbo Manual,308061-3
Tesla,Model Y-2063,1.0 Turbo CVT,957098-4
Ford,EcoSport-3974,Híbrido Plug-in Manual,145239-4
Fiat,Argo-7097,2.0 Turbo Aut,657685-9
Chevrolet,Tracker-1978,2.0 Turbo Manual,454655-2
Fiat,Argo-3229,2.5 Híbrido CVT,334655-7
Tesla,Model 3-4217,2.5 Híbrido AWD,901775-5
Volkswagen,Polo-4909,1.0 Flex CVT,116043-8
Volkswagen,Virtus-1301,Híbrido Plug-in Aut,887278-8
Tesla,Model 3-5241,3.0 Diesel AWD,268966-4
Hyundai,Kona-0632,3.0 Diesel Manual,240494-2
Volkswagen,Nivus-9420,1.4 Fire AWD,742846-6
BMW,M4-9139,Elétrico 150kW Manual,891319-5
Volkswagen,Nivus-3440,1.4 Fire CVT,806609-4
Volkswagen,Tiguan-8681,2.5 Híbrido CVT,595929-8
Toyota,RAV4-1289,1.0 Turbo Aut,353804-1
Hyundai,Elantra-0690,2.5 Híbrido DSG,257864-4
Tesla,Model 3-3428,Elétrico 150kW Manual,341520-1
Tesla,Model X-3287,Híbrido Plug-in DSG,891613-9
Toyota,Hilux-8008,2.0 Turbo Manual,900382-1
Volkswagen,T-Cross-9250,2.5 Híbrido DSG,902043-4
Volkswagen,Nivus-6404,2.5 Híbrido Aut,169350-7
Chevrolet,Montana-4488,2.0 Turbo DSG,048592-3
Ford,Fiesta-9968,1.0 Flex DSG,511525-4
Fiat,Toro-4274,Elétrico 150kW Manual,537600-6
Toyota,Prius-4247,2.5 Híbrido CVT,834617-4
Tesla,Model S-1599,3.0 Diesel CVT,957676-6
BMW,M4-2328,2.5 Híbrido AWD,123189-1
Ford,Maverick-3508,Híbrido Plug-in Manual,178855-4
Tesla,Model Y-0463,1.0 Turbo AWD,148743-7
Volkswagen,Polo-3871,3.0 Diesel AWD,884930-9
BMW,X3-6200,1.0 Flex Manual,889950-6
Chevrolet,S10-4300,1.0 Turbo Manual,235598-6
Toyota,Corolla-2582,2.0 Turbo Manual,169655-2
Toyota,SW4-9855,Elétrico 150kW DSG,553729-4
Ford,Ka-4301,Híbrido Plug-in AWD,787910-6
Hyundai,HB20-1693,Híbrido Plug-in AWD,717970-2
Volkswagen,Nivus-2751,1.0 Turbo AWD,277055-5
Ford,Maverick-4718,3.0 Diesel CVT,110097-2
Fiat,Pulse-3225,Híbrido Plug-in DSG,283313-7
Chevrolet,Onix-7299,1.4 Fire Aut,303601-8
Volkswagen,Polo-9333,Elétrico 150kW AWD,005093-4
Chevrolet,Tracker-0883,1.0 Turbo Aut,623958-1
Volkswagen,T-Cross-7484,1.0 Flex Aut,669372-6
Fiat,Strada-7616,2.0 Turbo CVT,948589-5
Chevrolet,Onix-6527,1.0 Flex Aut,984170-7
Tesla,Cybertruck-9389,1.4 Fire AWD,862758-9
Fiat,Fastback-1311,2.0 Turbo DSG,418099-4
Hyundai,IX35-4715,1.0 Flex Aut,804078-8
Chevrolet,Spin-2831,3.0 Diesel DSG,590663-2
Chevrolet,Onix-1007,1.4 Fire Aut,248112-9
Fiat,Strada-8511,2.0 Turbo Manual,347283-4
Hyundai,Creta-5956,1.0 Flex DSG,922496-6
Ford,Ranger-4704,1.4 Fire CVT,046974-9
Ford,Ka-6957,1.0 Turbo Aut,872737-7
Toyota,RAV4-8921,Elétrico 150kW Manual,225187-8
Tesla,Model 3-2129,2.0 Turbo Manual,805887-3
Fiat,Toro-8679,1.5 Flex DSG,802496-9
Volkswagen,T-Cross-9244,2.5 Híbrido CVT,931241-3
Tesla,Model Y-2220,1.5 Flex Manual,724962-5
BMW,X1-1341,Híbrido Plug-in AWD,595553-8
Chevrolet,Tracker-4665,Híbrido Plug-in AWD,901935-2
Chevrolet,Montana-0334,2.5 Híbrido CVT,599234-4
Hyundai,Elantra-9010,1.0 Flex CVT,151574-4
Chevrolet,Spin-5794,1.4 Fire Aut,126908-9
Chevrolet,Onix-1340,2.0 Turbo AWD,679582-5
Ford,Maverick-1585,2.5 Híbrido DSG,323076-8
Hyundai,Tucson-0887,2.5 Híbrido Manual,128000-6
Ford,Ranger-9603,2.5 Híbrido Manual,165157-4
Chevrolet,Onix-0246,3.0 Diesel Manual,695305-6
Hyundai,Tucson-8712,1.0 Flex DSG,741565-6
Chevrolet,Tracker-9877,Elétrico 150kW AWD,852000-7
Fiat,Cronos-0772,1.4 Fire CVT,449467-7
Tesla,Model 3-7048,1.0 Flex AWD,214255-6
Chevrolet,Montana-9006,1.0 Flex DSG,432693-1
Hyundai,Kona-0477,Elétrico 150kW Aut,097965-8
Chevrolet,Tracker-0076,Elétrico 150kW DSG,220641-5
Tesla,Model X-5497,2.0 Turbo AWD,599331-2
Chevrolet,S10-8073,1.0 Turbo Aut,749560-3
Volkswagen,Polo-6774,1.0 Flex Manual,139488-2
Volkswagen,Nivus-4459,Elétrico 150kW AWD,064753-6
Tesla,Cybertruck-5371,2.5 Híbrido Manual,828633-7
Ford,Maverick-7415,Híbrido Plug-in Aut,756504-6
BMW,X5-5985,Elétrico 150kW DSG,612967-8
Chevrolet,Cruze-9344,Elétrico 150kW Aut,372543-7
Fiat,Pulse-7606,Elétrico 150kW CVT,829840-5
Ford,EcoSport-0711,2.0 Turbo Aut,206160-6
Toyota,RAV4-7077,1.0 Flex Aut,476127-3
Ford,Territory-8739,2.5 Híbrido DSG,455625-5
Toyota,Corolla-6314,1.5 Flex Manual,973175-8
Fiat,Cronos-6151,Híbrido Plug-in AWD,299742-2
Ford,Maverick-9320,1.4 Fire CVT,896124-2
Ford,Ranger-5996,Híbrido Plug-in AWD,107988-1
BMW,M4-1109,1.5 Flex DSG,975306-9
Toyota,Hilux-2455,1.4 Fire AWD,280006-5
Toyota,SW4-2419,1.0 Flex Aut,538636-9
Fiat,Strada-6206,3.0 Diesel DSG,123780-4
Tesla,Model S-0537,3.0 Diesel CVT,910595-2
Hyundai,IX35-4313,Híbrido Plug-in Aut,152783-2
Toyota,RAV4-1572,1.5 Flex CVT,723470-7
BMW,320i-5378,3.0 Diesel Aut,220958-2
Hyundai,Creta-5987,Elétrico 150kW Aut,319675-3
Fiat,Pulse-0077,1.0 Turbo Aut,885097-9
Toyota,Yaris-0241,1.0 Turbo Aut,868242-1
Chevrolet,Tracker-4445,2.0 Turbo Aut,914651-5
Chevrolet,Spin-1776,1.0 Turbo AWD,804859-9
Chevrolet,Spin-0148,Elétrico 150kW Manual,497304-7
Tesla,Model S-3231,1.0 Flex Manual,989003-4
Ford,Maverick-6417,Elétrico 150kW Aut,046549-9
Toyota,Prius-2831,1.0 Flex Aut,271953-6
Hyundai,Elantra-0824,Elétrico 150kW AWD,346255-2
Tesla,Model S-0092,1.0 Flex DSG,380426-5
Volkswagen,Virtus-6700,1.4 Fire AWD,122882-6
Tesla,Cybertruck-6149,2.0 Turbo AWD,517415-4
Toyota,Yaris-6752,1.5 Flex CVT,578430-3
Chevrolet,Cruze-6029,1.0 Flex CVT,096642-7
BMW,X3-4175,Elétrico 150kW Aut,176380-4
Volkswagen,Gol-2161,Híbrido Plug-in Manual,975712-9
Hyundai,Creta-7890,Híbrido Plug-in CVT,544312-5
Volkswagen,Tiguan-0487,1.0 Flex Aut,405672-8
Fiat,Toro-2611,2.5 Híbrido Aut,735386-3
Chevrolet,Montana-9057,Elétrico 150kW AWD,641055-9
Hyundai,Kona-4685,2.5 Híbrido Aut,931475-2
Toyota,SW4-4114,1.5 Flex Aut,587681-3
Hyundai,Kona-1831,3.0 Diesel Aut,201783-9
Volkswagen,Tiguan-6245,1.4 Fire Manual,574874-7
Fiat,Strada-2359,3.0 Diesel DSG,169544-5
Hyundai,Creta-8982,1.0 Turbo Manual,335514-7
Ford,Maverick-9057,Elétrico 150kW CVT,641226-9
Tesla,Model 3-5695,2.5 Híbrido AWD,568351-5
Tesla,Cybertruck-2010,Híbrido Plug-in DSG,475359-6
Tesla,Model S-0241,3.0 Diesel DSG,214132-9
BMW,M4-8223,1.0 Turbo Aut,975551-5
Volkswagen,Virtus-1694,1.0 Flex DSG,675138-4
Tesla,Cybertruck-1875,1.5 Flex Manual,871789-7
BMW,X5-8112,1.5 Flex AWD,245039-7
Tesla,Cybertruck-5747,1.0 Flex CVT,654549-3
Tesla,Model S-4344,2.5 Híbrido Manual,775548-4
Tesla,Model 3-3982,Híbrido Plug-in AWD,099879-2
Fiat,Argo-8054,1.5 Flex Aut,564786-7
Volkswagen,Polo-5194,1.4 Fire AWD,990083-4
Fiat,Fastback-6293,1.5 Flex DSG,650045-6
Volkswagen,Polo-9170,2.0 Turbo Manual,195303-7
BMW,X5-1784,Híbrido Plug-in AWD,873968-1
BMW,X1-8815,1.0 Turbo CVT,315794-8
Ford,Fiesta-4867,1.4 Fire CVT,545664-2
Ford,Territory-7303,2.5 Híbrido CVT,655930-4
Volkswagen,Tiguan-5638,Elétrico 150kW CVT,891965-4
BMW,M4-5478,1.5 Flex AWD,833630-1
Fiat,Pulse-7760,3.0 Diesel Aut,592879-4
Chevrolet,Spin-1956,2.5 Híbrido Aut,366232-7
BMW,X1-7266,3.0 Diesel Aut,597026-6
Fiat,Fastback-4703,1.0 Flex Manual,376610-8
Hyundai,Tucson-8550,1.0 Turbo Manual,641707-9
BMW,X5-9013,1.4 Fire CVT,766856-4
Hyundai,HB20-0461,2.5 Híbrido AWD,585454-4
Volkswagen,T-Cross-3966,Elétrico 150kW Aut,880030-8
Fiat,Pulse-7675,3.0 Diesel CVT,839152-9
Hyundai,IX35-0440,2.5 Híbrido AWD,264611-7
Fiat,Pulse-5059,3.0 Diesel AWD,377646-2
Toyota,Hilux-8628,1.5 Flex Aut,732237-4
Chevrolet,Tracker-7044,2.0 Turbo Aut,744354-9
Hyundai,IX35-9266,1.4 Fire Manual,201666-1
Hyundai,Tucson-1135,Híbrido Plug-in Aut,223902-6
Tesla,Model S-1449,3.0 Diesel Aut,005410-9
Volkswagen,T-Cross-1800,1.4 Fire Manual,264421-1
Hyundai,HB20-9852,Elétrico 150kW Manual,711080-5
Toyota,Prius-9476,2.0 Turbo DSG,528832-3
Toyota,SW4-9842,3.0 Diesel CVT,609751-4
BMW,X1-3351,Elétrico 150kW CVT,789474-5
Fiat,Strada-0105,2.0 Turbo CVT,431575-2
Fiat,Pulse-2750,1.4 Fire DSG,064676-8
Volkswagen,Gol-5703,2.0 Turbo Aut,620958-3
Toyota,Prius-5933,Híbrido Plug-in CVT,286927-9
Ford,EcoSport-4114,2.5 Híbrido Manual,908973-7
Hyundai,Creta-2334,Híbrido Plug-in DSG,674488-5
Hyundai,Elantra-9710,1.4 Fire Manual,117343-9
Toyota,Hilux-5057,Elétrico 150kW CVT,258105-9
Ford,Ka-0861,1.0 Flex Aut,570090-7
Ford,Ranger-7373,Elétrico 150kW CVT,304931-2
Hyundai,Elantra-8257,1.5 Flex AWD,223543-9
Fiat,Pulse-4720,1.4 Fire AWD,138298-2
BMW,320i-3548,1.0 Turbo AWD,276106-3
Toyota,Prius-9066,2.0 Turbo AWD,151423-1
Hyundai,HB20-0546,2.5 Híbrido AWD,800420-4
Tesla,Model S-1290,1.0 Turbo AWD,604007-4
Fiat,Strada-0331,1.5 Flex Manual,995224-5
Hyundai,Tucson-8184,1.0 Turbo Manual,041026-7
Volkswagen,Gol-0145,1.0 Flex Manual,430545-8
Tesla,Model 3-0993,2.5 Híbrido DSG,195779-9
Chevrolet,Onix-3749,Híbrido Plug-in Manual,716727-2
Chevrolet,Onix-5449,1.0 Turbo Manual,602078-9
Chevrolet,Montana-3469,Elétrico 150kW DSG,561044-3
BMW,M4-5443,1.0 Turbo CVT,564566-2
Toyota,Yaris-2625,1.0 Turbo DSG,939577-3
BMW,M4-5073,1.0 Turbo AWD,659255-9
Chevrolet,Onix-0232,3.0 Diesel AWD,640299-9
Chevrolet,Onix-8685,2.0 Turbo Manual,261934-1
Toyota,Hilux-8829,1.0 Turbo DSG,478312-6
BMW,X3-1479,1.5 Flex Manual,567903-6
Toyota,Prius-9808,2.0 Turbo Aut,008225-6
Volkswagen,Virtus-9047,Elétrico 150kW AWD,763289-8
Hyundai,IX35-4228,Híbrido Plug-in Manual,450125-4
Chevrolet,S10-2385,2.0 Turbo CVT,376384-4
BMW,X3-6506,1.5 Flex Aut,779648-9
BMW,320i-6516,1.0 Turbo DSG,321743-2
Hyundai,Elantra-2483,2.0 Turbo Manual,424364-6
Volkswagen,T-Cross-0752,Híbrido Plug-in CVT,131310-9
Ford,Maverick-6932,Elétrico 150kW CVT,916630-3
Fiat,Fastback-7128,Elétrico 150kW CVT,934508-8
Volkswagen,Tiguan-2950,2.0 Turbo Manual,426641-8
BMW,M4-2611,Híbrido Plug-in Manual,714878-6
Chevrolet,Tracker-7929,1.0 Flex DSG,639025-5
Chevrolet,S10-8319,2.5 Híbrido Aut,206458-1
Hyundai,Creta-1481,2.5 Híbrido CVT,881401-6
Fiat,Fastback-4309,Elétrico 150kW AWD,388718-6
Fiat,Toro-5475,1.0 Turbo DSG,748622-5
Fiat,Cronos-6659,1.5 Flex Manual,667496-9
Fiat,Toro-1473,Elétrico 150kW CVT,034690-4
Toyota,Hilux-8315,Híbrido Plug-in Aut,227440-3
Ford,EcoSport-5761,1.0 Flex Aut,712106-8
Toyota,Yaris-7219,1.4 Fire Aut,131832-1
BMW,X3-2443,1.5 Flex AWD,827805-7
Volkswagen,Tiguan-5226,1.4 Fire Aut,859965-9
Toyota,Prius-2135,3.0 Diesel DSG,565607-8
Ford,Ka-8283,1.0 Turbo Manual,328621-8
Hyundai,HB20-6363,2.0 Turbo AWD,372060-8
Toyota,Yaris-8110,Elétrico 150kW AWD,733324-9
BMW,X1-4225,1.0 Flex CVT,458797-5
Tesla,Model Y-0156,1.0 Flex CVT,500306-4
Tesla,Model S-6876,1.5 Flex Manual,652332-1
Toyota,Corolla-9591,3.0 Diesel DSG,980425-8
Volkswagen,Gol-3459,2.0 Turbo CVT,293418-5
Volkswagen,T-Cross-0118,1.0 Flex CVT,605559-4
Fiat,Pulse-3178,Híbrido Plug-in DSG,727278-6
Fiat,Toro-5307,2.0 Turbo Manual,120360-9
Hyundai,HB20-8235,2.0 Turbo Aut,695609-1
BMW,X5-0737,Elétrico 150kW AWD,955350-6
Ford,Fiesta-2856,2.0 Turbo AWD,974358-4
Toyota,Yaris-7335,1.5 Flex CVT,510018-1
Chevrolet,Spin-1092,Híbrido Plug-in CVT,727417-4
Volkswagen,Gol-4634,1.0 Flex CVT,592913-5
Volkswagen,T-Cross-7430,2.5 Híbrido AWD,171765-3
Hyundai,HB20-8026,2.5 Híbrido Aut,530441-2
Fiat,Fastback-7298,2.0 Turbo DSG,441267-1
Fiat,Pulse-5223,Elétrico 150kW Manual,607537-9
BMW,X5-4968,2.5 Híbrido CVT,098638-1
Ford,Ka-6560,1.0 Turbo DSG,819894-3
Ford,Ka-6723,2.5 Híbrido Aut,730705-3
Fiat,Cronos-6386,Híbrido Plug-in AWD,749034-6
BMW,M4-2396,1.0 Turbo CVT,189047-6
BMW,X3-5351,1.0 Turbo Manual,126123-5
Ford,Ranger-6120,2.5 Híbrido Aut,983511-6
Ford,Maverick-6019,1.0 Turbo AWD,444127-6
Tesla,Model Y-5461,1.0 Turbo Aut,353817-2
Toyota,Prius-2016,1.0 Turbo CVT,549516-8
Toyota,Corolla-9822,1.0 Flex CVT,443438-8
Chevrolet,Cruze-0804,2.0 Turbo Aut,210667-2
Tesla,Cybertruck-2992,Elétrico 150kW Aut,549579-2
Toyota,Corolla-4748,1.5 Flex CVT,766494-9
Volkswagen,Nivus-7597,3.0 Diesel CVT,369621-2
Tesla,Model X-8551,2.5 Híbrido Aut,485535-6
Toyota,RAV4-3410,2.0 Turbo AWD,691797-6
BMW,320i-5057,3.0 Diesel Aut,125906-5
Fiat,Toro-6911,2.5 Híbrido DSG,661657-5
Chevrolet,Montana-3598,3.0 Diesel Manual,264305-5
Fiat,Strada-7605,Híbrido Plug-in Aut,614835-4
Hyundai,Creta-6906,Elétrico 150kW DSG,910003-8
Hyundai,Creta-2520,1.0 Turbo CVT,956958-7
Toyota,RAV4-8724,Híbrido Plug-in Aut,626326-5
Volkswagen,Nivus-2998,1.0 Turbo Manual,500022-1
Hyundai,Kona-8401,2.0 Turbo Manual,688950-3
Ford,Maverick-5677,Elétrico 150kW CVT,189401-2
Toyota,Yaris-0999,Elétrico 150kW Aut,085871-1
Chevrolet,Cruze-6355,Híbrido Plug-in AWD,305707-1
Tesla,Model S-7954,Elétrico 150kW AWD,091849-5
Hyundai,IX35-5058,1.4 Fire DSG,273994-1
Chevrolet,S10-7990,1.0 Turbo DSG,923309-7
Toyota,Hilux-4667,2.0 Turbo Manual,815872-4
BMW,X1-5051,Elétrico 150kW DSG,196578-8
Hyundai,HB20-0371,1.0 Turbo Manual,234888-4
Chevrolet,Cruze-0275,1.0 Flex DSG,887971-2
Hyundai,Tucson-0323,2.5 Híbrido AWD,369692-4
Toyota,SW4-4317,Elétrico 150kW CVT,369201-2
Ford,Maverick-2113,Elétrico 150kW CVT,609419-8
Ford,EcoSport-4869,2.5 Híbrido Aut,329935-7
Volkswagen,Polo-3054,1.0 Turbo AWD,616561-5
Ford,Ranger-6417,2.0 Turbo CVT,508766-1
Fiat,Fastback-4334,1.0 Flex AWD,268931-7
BMW,M4-5642,2.5 Híbrido AWD,814642-2
Chevrolet,Spin-6669,1.5 Flex Manual,204136-5
Chevrolet,Tracker-4235,2.0 Turbo CVT,389438-4
Chevrolet,S10-4559,3.0 Diesel DSG,454815-3
Toyota,Corolla-9534,2.0 Turbo DSG,308722-2
Ford,Maverick-0867,1.5 Flex Aut,194182-5
Ford,EcoSport-3541,Híbrido Plug-in Manual,614148-6
BMW,320i-4302,Elétrico 150kW AWD,944324-7
Volkswagen,Nivus-1587,3.0 Diesel Aut,240595-1
Toyota,Yaris-9045,1.0 Flex AWD,644843-4
BMW,X5-9471,1.4 Fire CVT,271624-2
Ford,Territory-9769,3.0 Diesel CVT,013095-1
Volkswagen,Virtus-7409,1.0 Flex Aut,760784-6
Chevrolet,Spin-1280,1.0 Turbo Manual,282241-5
Chevrolet,Spin-5028,Elétrico 150kW Manual,523959-7
Volkswagen,T-Cross-4741,1.5 Flex DSG,741358-1
Fiat,Argo-4940,1.4 Fire CVT,807225-5
Hyundai,IX35-9857,2.5 Híbrido Manual,155673-1
Tesla,Model Y-1120,1.0 Turbo DSG,012802-9
Tesla,Model 3-4406,1.0 Flex AWD,229223-9
Toyota,SW4-8271,1.4 Fire Manual,818654-4
Toyota,Prius-4644,2.5 Híbrido Aut,353488-2
Fiat,Pulse-9464,1.5 Flex AWD,882710-4
Hyundai,IX35-4594,1.0 Flex Aut,213278-2
Fiat,Cronos-5113,1.0 Flex CVT,497320-7
Toyota,Hilux-2085,Elétrico 150kW Aut,249935-4
Ford,Fiesta-1079,Híbrido Plug-in AWD,351710-2
BMW,X3-3837,Híbrido Plug-in Aut,581817-8
Fiat,Pulse-8779,1.4 Fire CVT,123582-5
Toyota,RAV4-3133,Elétrico 150kW Manual,487436-3
Hyundai,Kona-5210,2.0 Turbo DSG,353415-6
Volkswagen,Gol-5659,1.0 Flex Aut,480893-8
Hyundai,Elantra-6236,1.0 Flex AWD,483252-5
Tesla,Cybertruck-9115,3.0 Diesel DSG,741972-9
Hyundai,Kona-6665,Elétrico 150kW Manual,802122-8
Volkswagen,Gol-2161,1.0 Flex DSG,359667-6
Fiat,Pulse-7663,2.0 Turbo Aut,434934-6
BMW,320i-9729,1.0 Turbo Aut,592055-3
Fiat,Pulse-5130,2.5 Híbrido Manual,897899-2
Fiat,Cronos-1336,Elétrico 150kW Aut,207129-8
Ford,Ranger-3271,3.0 Diesel Manual,727924-4
Tesla,Cybertruck-6712,1.4 Fire Manual,635363-7
Fiat,Cronos-4715,1.0 Turbo DSG,118501-2
Hyundai,Creta-8833,1.0 Flex AWD,351859-4
Hyundai,Tucson-8165,1.4 Fire AWD,962035-5
Volkswagen,Nivus-8587,Elétrico 150kW Manual,277763-3
Ford,Fiesta-6406,1.0 Flex Aut,626586-6
Chevrolet,Tracker-2727,Híbrido Plug-in AWD,746865-6
Fiat,Strada-0793,Híbrido Plug-in DSG,273456-2
Ford,Ranger-0197,Elétrico 150kW Manual,781328-2
Volkswagen,Nivus-7776,1.5 Flex Aut,442580-3
Fiat,Fastback-1060,1.5 Flex DSG,324237-8
Fiat,Strada-4301,2.5 Híbrido CVT,326634-8
BMW,320i-7474,1.5 Flex Manual,514037-8
BMW,X1-4520,1.5 Flex DSG,083781-6
Toyota,Yaris-1851,1.5 Flex CVT,244351-8
Volkswagen,Tiguan-8839,2.5 Híbrido Manual,479069-9
Toyota,SW4-9345,1.0 Turbo Manual,812242-6
BMW,X1-7282,1.4 Fire CVT,808577-7
BMW,320i-5243,1.0 Turbo Aut,684861-4
Tesla,Model Y-6249,1.0 Turbo AWD,960627-8
Hyundai,IX35-7832,1.0 Turbo CVT,689754-3
Ford,Ranger-1159,Elétrico 150kW CVT,003759-7
Volkswagen,T-Cross-6203,2.5 Híbrido CVT,424284-1
Volkswagen,Virtus-5986,1.4 Fire CVT,712290-6
Toyota,Prius-4138,Híbrido Plug-in DSG,122937-2
Tesla,Cybertruck-6797,3.0 Diesel CVT,932013-1
BMW,X5-3911,1.0 Turbo AWD,708288-4
BMW,520i-4115,2.5 Híbrido DSG,444922-4
Fiat,Cronos-1261,3.0 Diesel CVT,577419-1
BMW,X1-4615,3.0 Diesel AWD,865587-2
Chevrolet,Tracker-1684,1.4 Fire DSG,167858-2
BMW,X1-2654,1.5 Flex DSG,360892-5
Toyota,RAV4-0385,3.0 Diesel Aut,371744-1
Hyundai,HB20-0115,2.0 Turbo CVT,118933-2
Toyota,Hilux-6005,1.5 Flex Aut,208814-5
Tesla,Model S-4304,Híbrido Plug-in AWD,542443-1
Tesla,Model Y-3367,Elétrico 150kW Manual,458795-1
Fiat,Toro-4988,Híbrido Plug-in AWD,474111-9
Fiat,Fastback-6219,1.0 Flex Manual,972789-8
Tesla,Model X-4621,1.5 Flex Manual,294740-4
Hyundai,Tucson-6866,1.5 Flex Aut,995088-2
Fiat,Strada-3153,3.0 Diesel Aut,663120-1
Ford,Maverick-3385,Elétrico 150kW Aut,203827-9
Ford,Territory-1342,Híbrido Plug-in CVT,345189-1
Volkswagen,Gol-2809,2.0 Turbo Aut,560978-7
Hyundai,Elantra-1804,Híbrido Plug-in DSG,533078-7
Volkswagen,T-Cross-2426,2.5 Híbrido AWD,861960-8
Ford,Ranger-5987,1.0 Turbo Aut,374223-8
Ford,Ranger-0516,2.5 Híbrido CVT,334722-4
Ford,Maverick-5143,2.5 Híbrido DSG,328068-7
Toyota,Corolla-0337,1.5 Flex DSG,842063-6
Tesla,Model S-3343,1.5 Flex Aut,311820-5
Volkswagen,Gol-5300,1.0 Flex DSG,528921-5
Ford,Ranger-7795,Elétrico 150kW Manual,031495-9
Tesla,Model 3-1179,2.0 Turbo AWD,298896-6
Toyota,RAV4-4786,Híbrido Plug-in Aut,495385-8
Hyundai,IX35-1236,1.5 Flex CVT,650697-6
Chevrolet,Cruze-1314,2.5 Híbrido Manual,874834-9
Chevrolet,Tracker-6467,1.5 Flex Aut,823385-3
Tesla,Model X-8021,1.0 Turbo DSG,650973-6
Chevrolet,Tracker-3029,3.0 Diesel AWD,369132-3
Volkswagen,Nivus-1210,2.5 Híbrido Aut,791097-5
Hyundai,Elantra-0141,1.5 Flex Manual,682923-2
Hyundai,IX35-3441,2.5 Híbrido DSG,736828-1
Tesla,Model Y-3154,Elétrico 150kW CVT,746503-9
Hyundai,Kona-1034,1.5 Flex Aut,109423-4
BMW,520i-6315,2.5 Híbrido CVT,908880-2
BMW,X1-9466,2.5 Híbrido DSG,114437-8
Chevrolet,Spin-0684,2.0 Turbo DSG,026556-4
BMW,320i-5673,2.5 Híbrido DSG,986230-9
Hyundai,Kona-1237,Elétrico 150kW Aut,280585-2
BMW,520i-6199,Elétrico 150kW AWD,473855-4
Toyota,Yaris-3790,1.4 Fire Manual,693074-2
Volkswagen,Gol-4141,2.0 Turbo DSG,362874-6
BMW,X3-5459,Híbrido Plug-in Manual,751691-2
Volkswagen,Tiguan-5499,1.5 Flex Manual,788798-4
Fiat,Cronos-9561,1.4 Fire AWD,365977-3
BMW,X1-7728,3.0 Diesel Aut,943459-5
Ford,Maverick-3846,3.0 Diesel Manual,679129-1
Chevrolet,Tracker-3952,1.5 Flex Aut,701671-9
Hyundai,IX35-9722,1.5 Flex Aut,514725-2
BMW,X5-0631,1.0 Flex AWD,529481-3
Chevrolet,Cruze-8808,2.5 Híbrido CVT,836913-6
Ford,Fiesta-4705,3.0 Diesel AWD,591917-2
Fiat,Strada-2482,1.4 Fire AWD,373127-1
Toyota,SW4-2622,1.5 Flex AWD,779761-7
Chevrolet,Spin-9011,2.0 Turbo Manual,853304-3
Tesla,Cybertruck-3099,2.0 Turbo DSG,763986-8
Tesla,Model X-7350,Híbrido Plug-in DSG,064445-8
Toyota,Corolla-6383,2.0 Turbo DSG,181207-2
Toyota,RAV4-2087,2.0 Turbo AWD,348400-2
Chevrolet,Spin-9037,1.5 Flex Aut,432507-8
Chevrolet,Tracker-2345,3.0 Diesel AWD,772429-9
BMW,520i-8299,1.0 Flex CVT,039527-5
Ford,Ka-9960,2.0 Turbo Aut,598451-6
Hyundai,Elantra-7160,3.0 Diesel Aut,894038-4
Tesla,Model S-5172,2.0 Turbo DSG,279570-2
BMW,M4-6544,Elétrico 150kW CVT,010910-5
Tesla,Model 3-0508,1.0 Turbo DSG,135350-7
Chevrolet,Tracker-4659,1.4 Fire DSG,471251-9
Fiat,Pulse-8939,Híbrido Plug-in CVT,660932-2
BMW,X1-1837,2.0 Turbo Aut,802408-3
Toyota,Prius-9157,1.0 Flex AWD,369917-2
Volkswagen,Polo-4043,1.0 Turbo Aut,101761-7
Volkswagen,Virtus-2994,2.0 Turbo Manual,229029-1
Ford,EcoSport-4267,Elétrico 150kW CVT,230733-7
Toyota,Yaris-5233,1.4 Fire AWD,631058-2
Volkswagen,Gol-8747,1.0 Turbo CVT,828580-6
Fiat,Fastback-3927,3.0 Diesel CVT,871160-1
Ford,Ka-2940,1.0 Turbo DSG,536035-6
Chevrolet,Spin-4740,1.0 Turbo CVT,419692-3
BMW,X3-6121,2.0 Turbo Aut,886841-8
Volkswagen,Polo-5972,1.0 Flex CVT,186569-7
Tesla,Cybertruck-3175,2.5 Híbrido CVT,741412-7
Toyota,Corolla-9224,2.5 Híbrido Aut,860304-6
Volkswagen,Polo-3874,Híbrido Plug-in Aut,953517-1
Toyota,RAV4-8080,Híbrido Plug-in CVT,144904-4
Volkswagen,T-Cross-0174,Elétrico 150kW DSG,942971-5
Toyota,Hilux-4768,2.5 Híbrido DSG,045578-8
Fiat,Strada-5340,1.0 Turbo DSG,267912-7
Toyota,Prius-2036,Híbrido Plug-in AWD,754044-7
Volkswagen,Tiguan-8524,3.0 Diesel Manual,590300-8
Ford,Fiesta-9590,2.5 Híbrido AWD,048096-2
Ford,Territory-0050,2.0 Turbo AWD,674368-6
Toyota,Corolla-1433,Híbrido Plug-in CVT,499902-1
Volkswagen,Polo-6147,Elétrico 150kW Manual,270131-9
Hyundai,IX35-4735,2.5 Híbrido CVT,398820-2
Hyundai,Creta-4248,Elétrico 150kW Manual,259393-8
Fiat,Fastback-8047,2.5 Híbrido CVT,561547-7
BMW,320i-0763,Elétrico 150kW Manual,816880-4
Fiat,Pulse-1255,1.0 Turbo CVT,507971-1
Hyundai,HB20-4094,1.0 Flex Manual,069441-2
Volkswagen,Tiguan-6898,1.0 Turbo Manual,615771-2
Hyundai,Kona-2402,1.4 Fire Aut,394165-4
Toyota,SW4-5023,Híbrido Plug-in AWD,080424-9
Volkswagen,Tiguan-2147,Elétrico 150kW CVT,820374-9
Tesla,Model S-3159,1.0 Turbo Aut,786337-8
Toyota,Prius-6635,1.5 Flex DSG,426654-8
Toyota,Corolla-1255,1.5 Flex CVT,404221-3
BMW,320i-6313,1.4 Fire CVT,613241-3
Toyota,SW4-6694,1.0 Turbo DSG,587194-1
Tesla,Model X-2745,3.0 Diesel Aut,946837-9
Ford,Territory-3457,2.5 Híbrido Manual,325195-5
Tesla,Model 3-6070,2.0 Turbo Manual,766927-4
Ford,Ranger-4091,3.0 Diesel CVT,657003-9
Ford,Ranger-0801,1.0 Flex AWD,749028-1
Ford,Ranger-0099,1.4 Fire CVT,357626-6
Chevrolet,Tracker-0189,1.5 Flex Aut,216559-7
Tesla,Model X-5456,1.4 Fire DSG,845682-1
Fiat,Fastback-4040,1.5 Flex DSG,574323-5
BMW,M4-7090,2.0 Turbo DSG,492161-4
BMW,320i-5881,3.0 Diesel AWD,361103-9
BMW,520i-0696,2.5 Híbrido CVT,397857-2
Volkswagen,T-Cross-6023,3.0 Diesel Aut,770919-3
Hyundai,HB20-4177,2.0 Turbo DSG,494888-6
BMW,320i-9065,2.5 Híbrido Aut,247037-8
Ford,Ka-8790,1.4 Fire Aut,433103-2
Tesla,Model S-5537,1.0 Flex Manual,758546-4
Ford,EcoSport-0521,1.4 Fire CVT,255212-3
Ford,Ka-9714,1.0 Flex Aut,016015-6
Tesla,Model 3-6060,1.4 Fire Aut,243892-5
Ford,Maverick-9771,1.0 Turbo Aut,287782-8
Chevrolet,Tracker-6445,1.4 Fire DSG,700066-4
Tesla,Model Y-8857,1.5 Flex CVT,776483-5
Tesla,Model X-1827,Elétrico 150kW DSG,339093-8
Tesla,Model 3-5635,1.0 Turbo CVT,877502-6
Chevrolet,Cruze-8678,1.5 Flex Aut,108589-4
Fiat,Pulse-5668,1.0 Turbo DSG,663730-5
Fiat,Fastback-1778,1.0 Turbo DSG,301801-1
Hyundai,Kona-8595,1.5 Flex CVT,485983-9
Hyundai,IX35-9172,2.0 Turbo AWD,715428-7
Tesla,Cybertruck-5793,1.4 Fire Aut,490122-4
Volkswagen,Gol-3335,1.0 Flex Aut,759361-8
Fiat,Toro-3001,2.0 Turbo DSG,717332-5
Toyota,Prius-4926,2.0 Turbo Manual,643011-4
Fiat,Strada-7125,Elétrico 150kW Aut,833957-3
Fiat,Cronos-9803,Híbrido Plug-in Manual,584562-7
Fiat,Fastback-9532,1.4 Fire DSG,505050-9
Fiat,Fastback-9728,Híbrido Plug-in AWD,369948-2
Tesla,Model S-8810,Híbrido Plug-in Aut,232190-4
Chevrolet,Onix-7748,3.0 Diesel CVT,569053-3
BMW,M4-7989,1.0 Flex Aut,369668-2
Chevrolet,Spin-0280,3.0 Diesel Aut,222994-8
Chevrolet,Tracker-8526,2.0 Turbo AWD,034099-5
Toyota,Corolla-5668,2.5 Híbrido Aut,432273-8
BMW,X5-8886,1.5 Flex Aut,643135-8
Chevrolet,Montana-8083,1.0 Flex DSG,112616-1
Hyundai,HB20-2883,1.0 Turbo Manual,153160-5
Tesla,Model 3-5105,2.0 Turbo Manual,122692-8
BMW,320i-8574,2.0 Turbo CVT,528506-4
Toyota,Corolla-0418,1.0 Turbo AWD,084141-4
Ford,Maverick-0408,1.0 Flex Manual,169953-5
Tesla,Model 3-1903,1.0 Flex Aut,823924-2
Hyundai,IX35-7332,1.5 Flex DSG,479628-7
Hyundai,Elantra-5245,1.0 Flex Manual,424279-4
Tesla,Model S-7117,1.0 Turbo Aut,696777-8
Hyundai,HB20-3964,2.5 Híbrido AWD,085949-8
Hyundai,Elantra-4909,2.5 Híbrido Manual,640669-2
Volkswagen,Virtus-4986,Elétrico 150kW Aut,072284-3
Hyundai,Tucson-2160,2.5 Híbrido Manual,820197-9
Fiat,Pulse-7690,3.0 Diesel AWD,645619-3
Toyota,RAV4-0840,Híbrido Plug-in CVT,286133-8
Chevrolet,Onix-7113,Elétrico 150kW AWD,600307-9
Volkswagen,T-Cross-2664,3.0 Diesel Aut,969192-7
Volkswagen,Virtus-0060,2.5 Híbrido Aut,729974-2
Tesla,Model X-5060,1.5 Flex Manual,201937-9
Volkswagen,Polo-7059,2.5 Híbrido Aut,399103-3
Fiat,Toro-7237,3.0 Diesel DSG,107574-9
Volkswagen,Virtus-4585,Híbrido Plug-in Aut,768369-4
Hyundai,Elantra-2135,1.0 Flex Aut,343337-2
Volkswagen,Virtus-8784,2.5 Híbrido Aut,359577-7
Hyundai,IX35-6224,1.0 Flex Manual,905318-4
Chevrolet,Onix-7490,2.0 Turbo DSG,100979-6
Chevrolet,S10-4565,1.0 Flex AWD,277013-2
Hyundai,IX35-2720,Híbrido Plug-in AWD,533474-1
Chevrolet,Cruze-4087,1.0 Flex CVT,637490-2
Fiat,Toro-0962,1.0 Turbo Manual,511660-2
Toyota,Yaris-0988,1.5 Flex DSG,369154-8
Chevrolet,Montana-1577,1.5 Flex Aut,855745-8
Ford,Maverick-2069,2.0 Turbo DSG,257765-7
BMW,X1-2895,3.0 Diesel AWD,672606-3
Hyundai,Kona-4078,1.0 Turbo Aut,606682-4
Hyundai,IX35-6604,Elétrico 150kW AWD,955992-7
Chevrolet,Onix-4594,1.0 Flex CVT,463263-8
Chevrolet,Cruze-5449,1.4 Fire AWD,111903-1
Volkswagen,Nivus-2756,Híbrido Plug-in AWD,839954-3
Fiat,Argo-4829,2.5 Híbrido Manual,257680-7
Fiat,Pulse-6607,1.0 Flex AWD,759294-3
Hyundai,Elantra-1882,1.0 Flex AWD,251190-8
Tesla,Model X-0617,1.5 Flex CVT,846221-2
BMW,320i-8967,2.5 Híbrido DSG,179431-3
Fiat,Toro-5967,1.0 Flex Aut,040347-5
Toyota,RAV4-8017,1.0 Flex AWD,611355-7
Toyota,Yaris-3939,1.0 Turbo Manual,452849-4
Volkswagen,Gol-3141,Elétrico 150kW AWD,680906-8
Fiat,Toro-5295,Elétrico 150kW Manual,100674-5
BMW,320i-1449,1.5 Flex CVT,304818-4
Toyota,Corolla-6518,1.0 Turbo Manual,370709-7
BMW,X5-4072,1.4 Fire CVT,655944-1
Toyota,Hilux-9425,3.0 Diesel CVT,323929-7
Ford,Fiesta-0982,2.5 Híbrido Manual,883384-5
BMW,M4-3982,1.4 Fire Manual,682696-1
Toyota,Yaris-4943,2.5 Híbrido AWD,387890-4
Ford,Ka-3268,3.0 Diesel CVT,825469-6
BMW,M4-1604,2.5 Híbrido Aut,078080-1
Tesla,Cybertruck-7007,1.0 Turbo AWD,063261-8
Chevrolet,Cruze-3721,Elétrico 150kW Aut,466021-3
Toyota,Hilux-1298,3.0 Diesel Manual,123988-7
Hyundai,Tucson-0344,2.5 Híbrido Aut,546183-6
Hyundai,Creta-4365,3.0 Diesel DSG,575188-8
Hyundai,Kona-8161,Híbrido Plug-in AWD,757686-3
Tesla,Model 3-8398,3.0 Diesel CVT,055865-4
Ford,Ranger-1627,3.0 Diesel CVT,367008-1
Chevrolet,Tracker-0904,3.0 Diesel Manual,726648-2
Toyota,Prius-3323,1.0 Flex Manual,667089-1
Fiat,Pulse-2460,1.4 Fire DSG,588254-9
Toyota,Corolla-1253,Híbrido Plug-in DSG,726206-9
Volkswagen,Virtus-0931,Elétrico 150kW CVT,981775-4
Chevrolet,Cruze-2281,Híbrido Plug-in Aut,663550-3
BMW,M4-0066,1.0 Flex DSG,002272-2
Ford,Ranger-3261,1.0 Flex DSG,436255-4
Volkswagen,T-Cross-5465,3.0 Diesel AWD,666892-8
Toyota,Prius-3177,2.5 Híbrido Aut,432760-3
Fiat,Fastback-0717,1.0 Turbo Manual,157010-8
Volkswagen,Nivus-1814,Elétrico 150kW Aut,041608-8
Chevrolet,Tracker-9766,1.0 Turbo DSG,657685-4
Tesla,Model 3-8310,1.4 Fire Aut,009833-6
BMW,X1-4623,Híbrido Plug-in CVT,478210-6
Fiat,Toro-4628,2.0 Turbo Aut,961115-1
Hyundai,Elantra-5055,Híbrido Plug-in DSG,232479-1
Tesla,Model S-4032,2.0 Turbo AWD,505657-7
BMW,M4-3480,1.0 Flex AWD,367200-5
Fiat,Fastback-9653,Híbrido Plug-in CVT,944065-2
Ford,Ka-8365,2.0 Turbo Manual,974124-6
BMW,X1-6621,Elétrico 150kW Aut,427927-8
Toyota,Hilux-3631,2.5 Híbrido AWD,202112-6
Toyota,SW4-4096,1.0 Turbo Manual,399413-5
Toyota,Hilux-8072,2.0 Turbo Aut,505069-4
Fiat,Toro-7340,2.0 Turbo AWD,695007-7
Chevrolet,S10-9386,2.0 Turbo CVT,672867-5
Toyota,Yaris-2868,1.0 Turbo CVT,221133-6
Toyota,SW4-7806,1.0 Flex Aut,907099-2
Ford,Fiesta-4798,3.0 Diesel AWD,504042-5
Ford,Ranger-4614,2.0 Turbo DSG,878512-4
Hyundai,Creta-3253,1.0 Flex AWD,531972-7
Fiat,Fastback-3759,1.5 Flex DSG,423905-6
Ford,Territory-0005,3.0 Diesel Aut,654405-5
Chevrolet,S10-9249,Híbrido Plug-in AWD,885716-7
Tesla,Model Y-0219,3.0 Diesel Aut,955069-8
Hyundai,HB20-8540,1.4 Fire DSG,079758-9
Ford,Ranger-3048,2.0 Turbo CVT,455183-9
Volkswagen,Nivus-6830,3.0 Diesel Aut,445766-3
Chevrolet,Cruze-3612,2.0 Turbo Manual,726183-9
Tesla,Model 3-3604,2.0 Turbo CVT,808139-2
Chevrolet,Montana-2130,2.5 Híbrido Aut,551167-2
Tesla,Model Y-3898,2.0 Turbo AWD,634537-5
Chevrolet,Spin-5129,2.0 Turbo AWD,044104-1
Tesla,Model S-7142,Híbrido Plug-in Aut,184889-5
Fiat,Cronos-4101,2.0 Turbo AWD,525469-7
Volkswagen,T-Cross-9917,Híbrido Plug-in CVT,770754-4
Tesla,Cybertruck-7314,3.0 Diesel CVT,525914-8
Hyundai,Creta-1096,Elétrico 150kW Manual,907679-3
Fiat,Toro-5922,3.0 Diesel CVT,174345-4
Chevrolet,Montana-6480,1.5 Flex Aut,447733-9
Ford,Maverick-9246,1.0 Turbo Manual,500264-2
Fiat,Cronos-0452,Elétrico 150kW DSG,244604-5
BMW,X1-9451,1.0 Flex AWD,668549-3
Ford,Fiesta-6379,1.4 Fire CVT,524394-9
Fiat,Toro-5151,Híbrido Plug-in Manual,273289-5
Hyundai,Kona-1729,3.0 Diesel DSG,657034-9
Fiat,Fastback-9282,1.0 Flex AWD,255035-5
Ford,Fiesta-2539,2.0 Turbo DSG,861147-1
Hyundai,Elantra-8467,1.4 Fire Aut,002102-8
Hyundai,Kona-7002,2.5 Híbrido Manual,219264-2
Fiat,Strada-0187,3.0 Diesel DSG,532148-1
Fiat,Fastback-5102,1.0 Turbo AWD,045003-8
Hyundai,IX35-5267,Híbrido Plug-in AWD,904205-9
Volkswagen,Gol-8085,1.0 Flex Aut,497476-5
Hyundai,Kona-7209,2.5 Híbrido Manual,680910-2
BMW,520i-0086,Híbrido Plug-in AWD,421829-5
BMW,X3-6094,1.0 Turbo CVT,380065-3
BMW,X5-8527,1.0 Flex CVT,204886-5
Hyundai,Kona-7659,1.5 Flex CVT,168485-2
Chevrolet,Onix-1048,2.5 Híbrido Manual,654761-6
Hyundai,Kona-0292,2.0 Turbo Aut,987474-3
Chevrolet,Onix-3251,1.4 Fire AWD,802192-5
Hyundai,Creta-3690,1.4 Fire Manual,341569-2
Tesla,Cybertruck-9637,1.5 Flex AWD,041180-7
BMW,X5-5356,2.0 Turbo CVT,306468-1
Hyundai,Elantra-3942,2.5 Híbrido Manual,525295-5
Ford,Ranger-8988,Elétrico 150kW Manual,173292-6
Fiat,Cronos-0282,Elétrico 150kW CVT,375180-7
BMW,520i-2243,1.0 Flex AWD,616072-7
Tesla,Model Y-2558,2.5 Híbrido CVT,598751-6
Hyundai,Creta-9257,3.0 Diesel Manual,591306-7
Ford,Maverick-5341,2.0 Turbo CVT,072402-6
Chevrolet,Cruze-4899,1.4 Fire DSG,603471-7
Toyota,Corolla-4469,Elétrico 150kW DSG,794272-4
Fiat,Cronos-8350,1.4 Fire Aut,753181-7
Chevrolet,Montana-8784,1.5 Flex Aut,846614-6
Chevrolet,Tracker-0182,3.0 Diesel CVT,898902-1
Tesla,Model S-1198,1.5 Flex Manual,484402-2
Tesla,Model X-7465,1.4 Fire AWD,663180-3
Hyundai,Elantra-9575,1.0 Turbo AWD,212495-9
Toyota,Yaris-4525,1.5 Flex Aut,726381-6
BMW,X3-5166,1.0 Flex Manual,009104-6
Ford,Ranger-7772,2.5 Híbrido Aut,182820-5
BMW,M4-7812,1.4 Fire Manual,427731-3
Volkswagen,Virtus-1743,1.4 Fire Manual,677172-3
Tesla,Model Y-3894,3.0 Diesel AWD,612554-8
Ford,Ka-0954,Elétrico 150kW DSG,687442-8
Chevrolet,Onix-7065,Híbrido Plug-in DSG,490198-5
BMW,X5-3966,Elétrico 150kW DSG,083462-2
Chevrolet,Onix-2640,1.4 Fire CVT,803696-5
Tesla,Model 3-5186,1.0 Flex AWD,495035-4
Hyundai,Creta-6493,1.4 Fire CVT,594353-8
Hyundai,Kona-8133,1.0 Turbo AWD,087836-3
Fiat,Cronos-0579,2.0 Turbo DSG,500030-8
Fiat,Toro-5565,Elétrico 150kW AWD,757160-2
Toyota,RAV4-5206,Híbrido Plug-in AWD,947315-3
Hyundai,Creta-9315,1.0 Flex CVT,935481-3
Toyota,Prius-2418,3.0 Diesel Manual,329000-1
Toyota,Yaris-4276,1.0 Flex DSG,033929-7
Tesla,Cybertruck-5908,2.5 Híbrido CVT,762220-4
Tesla,Model X-2544,1.5 Flex DSG,031834-3
BMW,X1-5260,Híbrido Plug-in CVT,452878-5
BMW,X1-6329,1.0 Flex AWD,422290-4
Toyota,RAV4-4924,Elétrico 150kW CVT,451168-4
BMW,X3-2473,1.0 Turbo DSG,301779-4
Volkswagen,Tiguan-8205,Híbrido Plug-in Aut,496976-1
BMW,X1-1352,2.5 Híbrido Aut,810339-8
Tesla,Model Y-6860,1.0 Turbo AWD,823836-4
Hyundai,IX35-2671,Elétrico 150kW DSG,249640-9
BMW,320i-6503,2.5 Híbrido Manual,025110-6
Toyota,Prius-2634,Híbrido Plug-in DSG,508314-2
Tesla,Model 3-3388,1.0 Turbo Aut,052427-7
Volkswagen,Virtus-4928,1.5 Flex DSG,006908-5
Tesla,Model Y-5124,2.5 Híbrido Aut,219979-8
Volkswagen,Gol-0531,1.5 Flex Aut,205129-2
Tesla,Model S-6891,1.0 Flex DSG,970282-1
Chevrolet,Tracker-8688,Elétrico 150kW Aut,775127-5
BMW,M4-3487,1.4 Fire DSG,168656-7
Ford,Maverick-2267,Elétrico 150kW AWD,760869-7
Ford,Territory-2358,Elétrico 150kW AWD,339051-6
Ford,Ka-9868,2.0 Turbo AWD,233585-3
Ford,Territory-1906,2.5 Híbrido Manual,963987-5
Volkswagen,Virtus-1104,2.5 Híbrido AWD,979639-8
Toyota,Corolla-9713,Híbrido Plug-in Aut,812812-9
Chevrolet,Tracker-5635,1.5 Flex DSG,916470-9
Chevrolet,S10-5411,2.0 Turbo DSG,162273-8
Hyundai,Creta-2175,1.4 Fire AWD,806185-1
Fiat,Argo-1725,3.0 Diesel AWD,000893-3
Fiat,Strada-8747,1.4 Fire Manual,285467-2
Volkswagen,Gol-2382,2.0 Turbo Manual,521078-4
Volkswagen,Virtus-1700,2.0 Turbo CVT,980399-5
Toyota,RAV4-2924,2.0 Turbo AWD,290075-6
Toyota,RAV4-7876,1.0 Turbo CVT,128581-4
Chevrolet,Spin-5930,1.0 Turbo CVT,478742-4
Hyundai,Creta-6456,2.0 Turbo CVT,327229-5
Hyundai,Creta-6011,2.0 Turbo DSG,559101-9
Chevrolet,Onix-6053,2.5 Híbrido CVT,052158-4
Fiat,Fastback-1145,1.4 Fire Aut,496090-6
Chevrolet,Spin-5151,1.5 Flex DSG,611466-7
Fiat,Toro-9461,Híbrido Plug-in Aut,184968-5
Chevrolet,S10-6321,1.0 Flex Aut,791171-4
Tesla,Model 3-0695,3.0 Diesel AWD,661882-6
Ford,Ranger-9492,Híbrido Plug-in Aut,835919-7
Hyundai,Creta-9902,2.5 Híbrido AWD,612998-9
Ford,Ranger-4639,1.0 Turbo CVT,661860-7
Ford,Ranger-6838,3.0 Diesel CVT,032363-6
Ford,Ranger-0780,2.0 Turbo DSG,339621-3
Chevrolet,Tracker-5551,1.0 Flex DSG,370384-3
Tesla,Cybertruck-4106,1.5 Flex AWD,634559-8
Fiat,Argo-1280,2.5 Híbrido DSG,968202-1
Toyota,Prius-7306,2.5 Híbrido CVT,577506-7
Ford,EcoSport-4433,Elétrico 150kW CVT,797202-6
Volkswagen,Tiguan-2511,Híbrido Plug-in AWD,075470-6
Fiat,Argo-6558,1.5 Flex DSG,688825-5
Hyundai,HB20-6352,3.0 Diesel CVT,729274-3
Fiat,Cronos-0137,3.0 Diesel AWD,836065-5
Ford,Ka-8602,2.5 Híbrido DSG,678155-2
Fiat,Strada-1857,1.5 Flex DSG,659304-9
Tesla,Model S-6235,1.5 Flex CVT,821273-8
Toyota,RAV4-1368,2.0 Turbo CVT,468889-1
Tesla,Model S-6934,2.5 Híbrido AWD,842653-3
Tesla,Model X-1405,1.0 Flex Aut,668877-2
Tesla,Model X-7973,3.0 Diesel DSG,213781-7
Hyundai,Elantra-6021,2.5 Híbrido Aut,389940-2
Volkswagen,Gol-9293,2.5 Híbrido Aut,647506-2
Hyundai,Tucson-3785,Híbrido Plug-in DSG,229486-8
Tesla,Model X-1007,1.5 Flex AWD,401403-1
Chevrolet,Spin-3846,1.5 Flex AWD,224399-3
Fiat,Pulse-6057,Híbrido Plug-in DSG,302953-8
Chevrolet,S10-5322,Elétrico 150kW AWD,055600-9
Volkswagen,T-Cross-5620,Elétrico 150kW Manual,480274-1
Toyota,Corolla-8402,Elétrico 150kW Manual,957438-6
BMW,M4-1373,1.0 Flex Aut,671735-1
Volkswagen,Polo-7534,1.4 Fire DSG,179515-8
Volkswagen,Virtus-0525,2.0 Turbo Aut,736483-4
Chevrolet,S10-5746,1.0 Turbo Manual,429500-7
Ford,Fiesta-4772,3.0 Diesel Aut,188116-6
Fiat,Strada-2681,Elétrico 150kW AWD,048337-9
Fiat,Pulse-6621,Híbrido Plug-in Aut,229062-8
Toyota,Prius-6867,1.0 Turbo DSG,799725-1
Hyundai,IX35-0814,2.0 Turbo Aut,470869-9
Hyundai,Elantra-3318,3.0 Diesel DSG,480773-2
Fiat,Toro-6564,Elétrico 150kW AWD,373462-2
BMW,320i-9985,2.0 Turbo AWD,098027-5
BMW,X1-8248,1.0 Turbo AWD,653407-2
Ford,Fiesta-2499,Elétrico 150kW Aut,916403-9
Tesla,Model Y-0171,1.5 Flex DSG,079563-5
Volkswagen,Polo-8897,2.5 Híbrido CVT,294257-7
BMW,520i-9533,1.0 Flex Manual,209542-2
Fiat,Toro-2810,1.0 Flex CVT,553205-7
Fiat,Pulse-9834,Elétrico 150kW Aut,931050-3
Toyota,Corolla-3234,1.0 Flex DSG,192539-1
Ford,Ranger-4425,Híbrido Plug-in Manual,085138-5
Toyota,Yaris-0480,3.0 Diesel CVT,131525-7
Hyundai,Kona-7435,Elétrico 150kW CVT,834110-3
Hyundai,Elantra-1581,Híbrido Plug-in Aut,544061-7
Toyota,Yaris-3869,1.4 Fire AWD,394648-5
Ford,Territory-5983,3.0 Diesel Aut,366254-9
Chevrolet,S10-1176,2.5 Híbrido AWD,203629-5
Volkswagen,Gol-6438,2.0 Turbo DSG,881131-6
Chevrolet,Montana-5565,1.0 Flex Manual,557788-2
Fiat,Toro-3838,1.5 Flex DSG,649975-7
BMW,320i-5245,3.0 Diesel Aut,928163-2
Hyundai,HB20-3305,1.5 Flex Aut,028499-1
Fiat,Argo-0265,1.4 Fire DSG,403780-5
BMW,X1-9707,3.0 Diesel CVT,976603-1
Tesla,Model Y-5899,1.0 Turbo Manual,652373-7
Hyundai,Kona-3030,1.5 Flex Aut,257960-2
Fiat,Strada-2065,1.5 Flex DSG,684391-4
BMW,520i-5907,1.0 Turbo DSG,382862-1
Hyundai,HB20-0387,1.4 Fire Manual,832012-1
Fiat,Strada-8080,1.0 Flex CVT,745327-1
Chevrolet,Tracker-4515,1.5 Flex CVT,738185-3
BMW,X1-3893,Híbrido Plug-in Aut,526120-7
Toyota,Hilux-1385,2.5 Híbrido Manual,367693-4
Volkswagen,T-Cross-6937,2.5 Híbrido AWD,885099-5
Hyundai,Elantra-7540,1.0 Turbo AWD,753703-1
Hyundai,IX35-9352,Elétrico 150kW DSG,018375-6
Hyundai,Kona-2952,1.5 Flex Aut,949834-7
Chevrolet,Tracker-3065,3.0 Diesel Aut,232866-9
Ford,EcoSport-7746,Híbrido Plug-in Aut,426563-3
Hyundai,Elantra-6918,1.0 Turbo Aut,606100-1
Chevrolet,Spin-7182,1.0 Turbo Aut,643428-5
Tesla,Model Y-6951,1.5 Flex AWD,154172-5
Volkswagen,Nivus-0686,1.0 Turbo CVT,968601-8
BMW,320i-2434,2.0 Turbo Aut,408015-2
Volkswagen,Virtus-5733,3.0 Diesel Aut,898029-5
Chevrolet,Onix-6696,2.0 Turbo DSG,128835-7
Chevrolet,S10-7712,2.5 Híbrido Manual,373363-4
Ford,Ranger-2003,2.0 Turbo CVT,711314-2
BMW,520i-3668,Híbrido Plug-in CVT,700161-1
Fiat,Toro-3043,2.0 Turbo DSG,534941-1
Chevrolet,Cruze-2311,Elétrico 150kW Aut,946966-7
Volkswagen,T-Cross-0763,Híbrido Plug-in DSG,592970-8
Volkswagen,Nivus-7237,Elétrico 150kW CVT,327956-2
Fiat,Argo-9630,2.5 Híbrido Aut,902795-3
Chevrolet,Cruze-4976,Híbrido Plug-in CVT,815096-2
Chevrolet,Montana-4171,3.0 Diesel Aut,481384-7
Chevrolet,Tracker-6396,1.4 Fire AWD,499868-1
Fiat,Fastback-5138,Elétrico 150kW Aut,935542-5
Toyota,RAV4-7151,Elétrico 150kW AWD,718252-7
Volkswagen,Gol-1545,2.0 Turbo Aut,700376-3
Volkswagen,Nivus-5798,Híbrido Plug-in Aut,602574-5
Chevrolet,S10-3344,2.5 Híbrido Manual,624436-8
Hyundai,Elantra-0834,Híbrido Plug-in DSG,658151-7
Hyundai,Elantra-7047,2.0 Turbo DSG,176596-5
Hyundai,Kona-3852,1.5 Flex Aut,502734-9
Toyota,Corolla-6347,1.0 Turbo Aut,613788-2
Fiat,Strada-6222,1.5 Flex AWD,790696-3
BMW,320i-0900,3.0 Diesel DSG,045381-1
Ford,Fiesta-3482,Híbrido Plug-in Manual,217980-7
Chevrolet,Cruze-9537,1.5 Flex Manual,948842-1
Toyota,SW4-7943,2.0 Turbo CVT,260421-1
Tesla,Model X-7990,1.0 Flex AWD,551482-8
Volkswagen,Gol-1830,1.5 Flex AWD,829995-7
BMW,M4-3060,1.5 Flex Aut,982549-9
Fiat,Strada-1728,1.0 Flex CVT,661996-1
Fiat,Argo-3005,3.0 Diesel CVT,488272-6
Volkswagen,Gol-5285,1.0 Turbo Aut,598566-5
Hyundai,Elantra-5664,1.4 Fire Manual,705019-5
Hyundai,Creta-0371,2.0 Turbo Manual,391131-9
Chevrolet,Tracker-2409,Híbrido Plug-in Aut,965919-7
BMW,X5-9283,3.0 Diesel Manual,441353-4
Tesla,Model X-4088,1.0 Turbo AWD,558032-4
Tesla,Model X-1804,2.5 Híbrido CVT,924635-4
Volkswagen,Gol-2961,Híbrido Plug-in CVT,744365-1
Fiat,Fastback-0912,1.4 Fire CVT,080882-4
Toyota,SW4-6101,1.0 Flex Aut,312816-8
BMW,520i-4959,1.4 Fire CVT,730413-8
Tesla,Cybertruck-4011,1.5 Flex CVT,766014-1
Toyota,Yaris-7825,Elétrico 150kW DSG,800420-5
Chevrolet,Cruze-6121,2.0 Turbo Manual,100937-5
Ford,Maverick-8917,2.0 Turbo DSG,724619-8
Chevrolet,S10-8437,1.0 Turbo DSG,570356-2
Ford,Fiesta-7723,2.5 Híbrido Aut,171187-2
BMW,320i-4193,1.4 Fire AWD,314190-6
Fiat,Pulse-5688,1.5 Flex DSG,070617-9
Fiat,Strada-2418,3.0 Diesel CVT,075304-5
Ford,Territory-1825,1.0 Turbo CVT,093474-2
Toyota,Corolla-4150,2.5 Híbrido Manual,953693-7
Ford,Territory-2371,1.0 Turbo AWD,694491-3
Ford,Ka-4524,2.5 Híbrido CVT,616812-3
Chevrolet,S10-1767,2.0 Turbo Aut,326777-3
Volkswagen,Tiguan-3953,2.0 Turbo Aut,799272-9
Toyota,SW4-3766,1.0 Turbo AWD,708824-7
Hyundai,IX35-4160,2.5 Híbrido Manual,374454-2
Hyundai,Creta-0620,1.0 Turbo Aut,024737-8
BMW,520i-0802,2.5 Híbrido CVT,135259-1
Tesla,Model 3-1975,1.5 Flex AWD,650088-4
Tesla,Model S-4026,3.0 Diesel Manual,126024-8
Hyundai,Kona-6169,2.5 Híbrido CVT,651762-2
Ford,Ranger-3712,3.0 Diesel DSG,685161-7
Tesla,Model S-0257,Elétrico 150kW AWD,946848-6
Chevrolet,Spin-4335,2.0 Turbo Manual,225461-2
Fiat,Argo-9479,1.5 Flex Manual,778404-2
Toyota,Corolla-9109,1.5 Flex CVT,762306-2
Volkswagen,Polo-3591,1.0 Flex Manual,436103-2
BMW,520i-9539,1.5 Flex AWD,063600-8
Fiat,Pulse-7893,2.0 Turbo CVT,042290-3
Tesla,Cybertruck-2558,2.0 Turbo Aut,109596-2
Toyota,SW4-0875,3.0 Diesel DSG,887190-1
Hyundai,Tucson-4231,2.5 Híbrido Aut,721050-1
Hyundai,HB20-3007,1.0 Flex Manual,473438-1
Toyota,SW4-5568,1.4 Fire CVT,620573-1
Chevrolet,Spin-1401,Elétrico 150kW Manual,578086-8
Tesla,Model 3-1979,1.4 Fire DSG,374000-4
Toyota,Hilux-0621,2.0 Turbo AWD,645288-5
Hyundai,Tucson-2520,Híbrido Plug-in Aut,263968-1
Chevrolet,Montana-8902,Híbrido Plug-in Aut,217652-9
Ford,Territory-3877,1.5 Flex DSG,753698-5
BMW,X1-2617,1.0 Flex AWD,047093-4
Fiat,Fastback-1078,1.4 Fire Manual,175022-5
Tesla,Cybertruck-6123,3.0 Diesel Aut,920687-8
Tesla,Model 3-8714,1.5 Flex Manual,349616-3
BMW,X3-4103,1.5 Flex Aut,094871-8
Fiat,Toro-4437,2.5 Híbrido AWD,001010-3
Ford,EcoSport-3679,3.0 Diesel DSG,234110-2
Fiat,Pulse-5876,Híbrido Plug-in DSG,469029-4
Toyota,Prius-4955,Elétrico 150kW DSG,828775-8
Hyundai,HB20-6619,2.0 Turbo Manual,695145-6
Fiat,Cronos-7798,1.0 Turbo Manual,220276-1
Chevrolet,S10-1931,2.0 Turbo CVT,002256-9
Chevrolet,Cruze-3684,1.4 Fire AWD,109893-2
Tesla,Model 3-7291,2.0 Turbo Manual,427407-2
Toyota,Corolla-1649,1.0 Flex CVT,458699-3
Ford,Maverick-4041,3.0 Diesel AWD,438109-8
Fiat,Cronos-6239,1.5 Flex AWD,957082-2
Chevrolet,Montana-6917,Híbrido Plug-in AWD,278377-2
Hyundai,Elantra-3819,1.4 Fire Aut,925374-7
Toyota,SW4-4007,3.0 Diesel CVT,239047-5
BMW,X1-7845,1.5 Flex AWD,875671-6
Ford,Ka-1854,1.5 Flex AWD,087754-5
BMW,X3-4552,2.5 Híbrido Manual,420574-2
Hyundai,Elantra-2451,1.4 Fire DSG,755516-5
Chevrolet,S10-5838,3.0 Diesel DSG,166814-2
BMW,520i-3099,1.4 Fire AWD,929430-6
Fiat,Toro-1595,1.0 Flex Aut,113331-8
Toyota,RAV4-2529,2.0 Turbo CVT,995866-9
Ford,Maverick-1895,1.0 Turbo AWD,851871-1
Chevrolet,Spin-8257,3.0 Diesel AWD,189043-7
Chevrolet,Tracker-5018,1.0 Turbo CVT,547288-6
Tesla,Model S-6989,1.4 Fire DSG,734402-6
BMW,M4-6790,1.5 Flex DSG,850978-6
Toyota,Hilux-9118,Elétrico 150kW Aut,299700-5
Volkswagen,Nivus-0384,3.0 Diesel CVT,239117-5
Chevrolet,Tracker-0829,Híbrido Plug-in AWD,801734-7
BMW,X1-5870,1.0 Flex Aut,955155-4
Tesla,Cybertruck-9366,2.0 Turbo DSG,633351-5
Hyundai,Elantra-1770,1.0 Turbo CVT,856529-2
Tesla,Cybertruck-2030,1.0 Flex Manual,240919-7
Hyundai,IX35-2666,2.0 Turbo DSG,781572-4
Fiat,Fastback-9922,1.0 Turbo AWD,661009-7
BMW,M4-0991,1.5 Flex CVT,893745-6
Toyota,Hilux-7960,1.0 Turbo DSG,312400-9
Tesla,Model X-7142,1.0 Flex CVT,055453-6
Ford,EcoSport-3982,3.0 Diesel DSG,833125-3
Tesla,Cybertruck-7808,Elétrico 150kW Aut,071655-4
Toyota,Yaris-3178,1.4 Fire Aut,922273-9
Ford,Maverick-8468,3.0 Diesel AWD,762448-1
Toyota,Prius-5933,Elétrico 150kW AWD,592215-7
BMW,320i-7663,3.0 Diesel Aut,362918-2
Volkswagen,Tiguan-1415,3.0 Diesel DSG,843335-3
BMW,X3-3399,Elétrico 150kW CVT,871872-1
Ford,Fiesta-6998,1.0 Flex DSG,151903-3
Ford,Maverick-7309,1.5 Flex DSG,457924-7
Ford,Maverick-3658,2.0 Turbo Aut,272690-4
Fiat,Argo-9458,Híbrido Plug-in Manual,293737-1
BMW,X5-2391,3.0 Diesel Aut,900476-9
Chevrolet,Montana-2599,1.5 Flex Manual,130553-4
BMW,X3-5147,1.4 Fire Manual,376419-2
Hyundai,Tucson-8629,2.5 Híbrido Manual,625599-2
Toyota,Prius-0288,1.0 Turbo AWD,288067-3
Chevrolet,Montana-2864,1.5 Flex Manual,365877-6
Fiat,Fastback-3807,1.0 Turbo AWD,423352-8
Hyundai,Creta-1573,1.4 Fire Aut,805506-5
Ford,Maverick-9532,2.0 Turbo Aut,196128-4
Fiat,Cronos-2601,1.4 Fire AWD,047951-6
Fiat,Toro-7582,2.0 Turbo AWD,515291-4
Tesla,Model Y-5542,Híbrido Plug-in DSG,034098-4
Toyota,SW4-2976,Elétrico 150kW Manual,983836-8
Fiat,Toro-8967,3.0 Diesel AWD,421190-6
Fiat,Cronos-8188,1.5 Flex Aut,852262-1
Ford,Fiesta-6122,3.0 Diesel CVT,132064-5
BMW,M4-2734,1.5 Flex Manual,263214-3
Ford,Maverick-5195,Híbrido Plug-in AWD,146651-8
Toyota,Hilux-2085,1.0 Flex DSG,099197-8
Tesla,Cybertruck-7511,Elétrico 150kW CVT,057333-2
Ford,Territory-3099,1.4 Fire DSG,439970-4
BMW,320i-9106,1.4 Fire Aut,313954-9
Tesla,Model X-1189,3.0 Diesel AWD,561688-7
Tesla,Model X-7843,1.0 Turbo AWD,226090-4
Ford,Maverick-2730,1.5 Flex AWD,056881-7
Volkswagen,Gol-4716,1.0 Turbo AWD,285851-1
Tesla,Model 3-9655,3.0 Diesel CVT,955725-6
Fiat,Toro-4535,Elétrico 150kW CVT,308615-2
Hyundai,Kona-8308,1.0 Turbo Aut,827558-6
Volkswagen,Virtus-7506,Elétrico 150kW AWD,583087-6
Hyundai,Kona-0914,2.5 Híbrido CVT,935876-9
BMW,X5-2759,1.4 Fire DSG,598488-1
Tesla,Model X-7012,Híbrido Plug-in Manual,994047-5
Toyota,Prius-0296,2.0 Turbo Aut,532189-9
Ford,EcoSport-5413,3.0 Diesel Manual,780074-7
Toyota,Prius-8074,2.5 Híbrido Aut,939062-3
Fiat,Argo-8122,3.0 Diesel DSG,861933-4
Fiat,Fastback-2669,Elétrico 150kW CVT,036133-3
Toyota,SW4-1075,1.5 Flex Manual,392652-4
Volkswagen,Nivus-2887,2.0 Turbo CVT,087185-1
Ford,Ranger-1178,1.4 Fire DSG,739033-7
Chevrolet,Tracker-9539,Elétrico 150kW Aut,809998-4
BMW,520i-5332,1.4 Fire AWD,486892-2
Hyundai,IX35-8296,1.4 Fire CVT,252949-8
Ford,Ka-9499,2.5 Híbrido Aut,414452-3
Tesla,Model 3-6033,2.0 Turbo DSG,137942-5
BMW,320i-6335,1.0 Flex AWD,538419-8
Fiat,Toro-8164,3.0 Diesel AWD,327068-8
Fiat,Toro-3959,1.4 Fire DSG,663718-9
Volkswagen,T-Cross-0595,1.0 Turbo AWD,276104-4
Volkswagen,Polo-7661,Elétrico 150kW CVT,970850-2
Tesla,Model 3-4499,3.0 Diesel Manual,121816-8
Toyota,RAV4-2980,1.5 Flex Aut,648457-3
Tesla,Model S-5726,Elétrico 150kW AWD,134053-9
Tesla,Cybertruck-5224,1.5 Flex Manual,117093-8
BMW,X5-8222,Híbrido Plug-in Aut,096095-7
Ford,Maverick-3456,3.0 Diesel AWD,918587-6
Ford,EcoSport-2227,Elétrico 150kW CVT,017542-6
Volkswagen,Polo-7345,Elétrico 150kW AWD,606151-1
Hyundai,HB20-6627,1.0 Turbo Manual,594141-9
Toyota,Corolla-9378,1.4 Fire Manual,881140-9
BMW,320i-0375,2.0 Turbo Manual,259914-7
Toyota,Prius-4852,2.0 Turbo Aut,342311-4
Toyota,Yaris-8741,2.0 Turbo Manual,090179-7
Tesla,Cybertruck-3555,2.0 Turbo CVT,246137-6
Toyota,Yaris-6404,Híbrido Plug-in AWD,927102-5
Hyundai,HB20-9574,2.5 Híbrido Manual,358833-4
BMW,X3-4404,1.4 Fire Manual,548275-6
BMW,M4-8505,1.0 Turbo CVT,375245-3
Hyundai,Creta-4544,3.0 Diesel CVT,405393-5
Chevrolet,Montana-0148,1.5 Flex Manual,965134-5
Volkswagen,Tiguan-5499,2.5 Híbrido Manual,595820-2
Hyundai,IX35-2632,1.5 Flex Aut,889094-9
Volkswagen,T-Cross-3187,3.0 Diesel CVT,936769-2
Hyundai,Elantra-8086,3.0 Diesel Manual,350425-2
BMW,X5-8398,1.4 Fire Aut,293973-1
BMW,M4-7704,1.4 Fire CVT,875065-4
Toyota,Hilux-0478,3.0 Diesel CVT,437348-5
Hyundai,Tucson-2721,2.5 Híbrido CVT,647917-6
Chevrolet,S10-4197,3.0 Diesel Manual,254453-5
BMW,X1-5343,2.5 Híbrido DSG,678877-3
Tesla,Model 3-5676,Híbrido Plug-in Aut,717784-8
BMW,520i-6277,Elétrico 150kW Manual,410465-5
Chevrolet,Tracker-7025,1.0 Turbo DSG,113250-4
Fiat,Toro-5769,Elétrico 150kW DSG,536755-6
Fiat,Toro-5608,3.0 Diesel DSG,179652-6
BMW,520i-6710,1.0 Flex CVT,601160-8
Toyota,Corolla-2086,2.5 Híbrido DSG,068961-1
Fiat,Fastback-5591,Elétrico 150kW DSG,199335-4
BMW,X3-7037,1.0 Turbo CVT,255792-5
Fiat,Pulse-7984,1.4 Fire CVT,405862-2
Ford,Fiesta-5158,1.4 Fire CVT,481032-9
BMW,X5-0076,1.5 Flex DSG,179627-8
Chevrolet,Spin-0540,1.0 Flex CVT,061577-3
BMW,X5-7330,1.5 Flex CVT,155568-3
Volkswagen,Gol-7423,Híbrido Plug-in Manual,311360-7
Ford,Maverick-0117,1.5 Flex Aut,482009-6
Hyundai,Kona-5060,1.4 Fire AWD,382815-7
Fiat,Toro-7859,Elétrico 150kW CVT,543920-4
Toyota,SW4-5827,1.4 Fire Aut,809554-5
Hyundai,HB20-4648,Híbrido Plug-in AWD,181407-8
BMW,X5-8280,3.0 Diesel Aut,574967-2
Fiat,Toro-9077,1.4 Fire Manual,619651-8
Tesla,Model 3-9937,2.0 Turbo Aut,929672-3
Volkswagen,Nivus-6989,Híbrido Plug-in DSG,232118-3
Ford,Ka-5666,Híbrido Plug-in Aut,103703-5
Chevrolet,Onix-0611,2.0 Turbo Aut,842387-6
Toyota,RAV4-1035,1.5 Flex AWD,348585-6
Chevrolet,Onix-2024,2.5 Híbrido DSG,599813-4
Hyundai,Tucson-8941,1.0 Flex Manual,001074-1
Volkswagen,T-Cross-8313,3.0 Diesel Aut,384281-4
Ford,Ranger-5789,Híbrido Plug-in Aut,096174-8
Tesla,Model Y-0101,1.0 Flex Aut,384391-7
BMW,X5-2052,1.5 Flex Manual,502781-3
Hyundai,Elantra-3445,Elétrico 150kW DSG,671178-4
Chevrolet,Spin-6277,Elétrico 150kW CVT,577969-4
Tesla,Cybertruck-6265,1.0 Flex AWD,401649-1
BMW,X1-0134,1.4 Fire Manual,534295-3
BMW,X5-9018,1.4 Fire Aut,024693-3
Chevrolet,Cruze-4593,2.0 Turbo Aut,547978-4
Volkswagen,Tiguan-5233,2.0 Turbo Aut,602790-8
Volkswagen,Gol-4672,1.0 Turbo Aut,560918-5
Tesla,Cybertruck-0926,2.0 Turbo AWD,330115-9
Volkswagen,Gol-6023,1.0 Turbo AWD,893892-4
Toyota,Corolla-9680,2.5 Híbrido AWD,150396-4
Volkswagen,T-Cross-7839,2.0 Turbo Aut,280341-1
Chevrolet,Tracker-3545,1.5 Flex Aut,236084-7
Hyundai,IX35-4246,Elétrico 150kW DSG,140232-4
Ford,Maverick-9419,3.0 Diesel CVT,092352-4
BMW,X5-6145,1.0 Turbo DSG,563014-8
Hyundai,HB20-5587,2.5 Híbrido Aut,463203-5
Tesla,Model S-1651,3.0 Diesel AWD,357085-6
Tesla,Model 3-8072,2.0 Turbo CVT,849416-7
Ford,Maverick-1379,2.0 Turbo Manual,036003-2
Toyota,SW4-2105,Híbrido Plug-in Aut,703626-6
BMW,X1-1953,1.0 Turbo CVT,143005-5
Tesla,Model 3-0123,1.0 Flex Aut,425537-4
Tesla,Model 3-3134,1.5 Flex AWD,071899-6
Volkswagen,Gol-5130,1.0 Flex AWD,092629-3
Tesla,Model S-3924,Elétrico 150kW DSG,273611-4
Tesla,Model X-0046,2.5 Híbrido Manual,959448-1
Volkswagen,Gol-8987,Híbrido Plug-in DSG,638382-9
Toyota,SW4-8363,1.0 Flex CVT,642892-3
BMW,X1-7234,2.0 Turbo DSG,677034-8
Ford,EcoSport-0026,1.4 Fire Manual,809706-8
Chevrolet,Tracker-9782,2.5 Híbrido Manual,398769-6
Fiat,Cronos-3279,2.0 Turbo Aut,976370-9
Tesla,Model Y-9485,Híbrido Plug-in DSG,583571-2
Hyundai,HB20-9951,Híbrido Plug-in Manual,632681-8
Tesla,Model Y-1820,2.0 Turbo AWD,509710-2
Toyota,Hilux-0474,1.0 Turbo DSG,427128-9
Ford,Territory-4326,2.5 Híbrido AWD,689686-5
Volkswagen,Gol-3289,1.0 Turbo Aut,039310-4
Hyundai,IX35-1058,2.5 Híbrido CVT,034941-3
Volkswagen,Virtus-1857,2.0 Turbo AWD,633380-3
Fiat,Strada-2423,1.5 Flex CVT,146860-7
Hyundai,Kona-5217,Híbrido Plug-in CVT,840999-1
Volkswagen,Polo-2241,2.5 Híbrido AWD,674445-7
BMW,M4-0283,1.0 Turbo AWD,590191-4
Toyota,Corolla-1571,1.0 Turbo AWD,545575-3
Fiat,Fastback-6204,1.4 Fire CVT,988260-2
Ford,Fiesta-6492,2.5 Híbrido DSG,368157-8
Chevrolet,Onix-7425,2.0 Turbo DSG,677453-7
Volkswagen,Gol-4359,3.0 Diesel DSG,075116-4
Tesla,Model 3-7774,1.0 Turbo Manual,760115-1
Ford,Territory-7405,1.0 Flex Aut,357311-6
Tesla,Model Y-4837,Elétrico 150kW Aut,891739-1
Fiat,Strada-1217,1.0 Turbo CVT,584472-2
Tesla,Model X-0440,Híbrido Plug-in DSG,945643-3
BMW,X5-3251,1.4 Fire DSG,159245-3
Volkswagen,Nivus-1037,2.5 Híbrido Manual,719362-4
Fiat,Cronos-4284,2.5 Híbrido Aut,314336-6
Tesla,Model S-3001,2.0 Turbo CVT,263274-3
Volkswagen,Nivus-5018,3.0 Diesel DSG,528363-3
Chevrolet,Onix-7543,3.0 Diesel CVT,502072-3
BMW,X3-8960,1.5 Flex DSG,494979-6
Fiat,Cronos-3932,Híbrido Plug-in AWD,716181-4
Hyundai,HB20-3807,2.5 Híbrido DSG,434007-7
Hyundai,Elantra-1429,1.4 Fire AWD,550137-2
Hyundai,Tucson-3784,Elétrico 150kW AWD,942009-9
BMW,320i-9957,1.5 Flex CVT,111594-6
BMW,X5-2101,Elétrico 150kW Aut,445309-8
Volkswagen,Polo-8369,1.4 Fire CVT,800370-6
Hyundai,Creta-0850,Elétrico 150kW CVT,014429-4
Fiat,Fastback-4687,2.0 Turbo Aut,895590-9
Hyundai,Elantra-3152,Híbrido Plug-in AWD,977829-2
Hyundai,Elantra-6397,2.5 Híbrido CVT,754788-2
BMW,X3-1696,2.0 Turbo Manual,976565-5
Tesla,Model S-4849,Elétrico 150kW CVT,567044-4
Tesla,Cybertruck-3162,1.0 Turbo Aut,560067-8
Ford,Ranger-5709,1.5 Flex Aut,075519-8
BMW,X5-5577,3.0 Diesel CVT,136908-8
Chevrolet,Tracker-2446,3.0 Diesel DSG,509407-1
Hyundai,Kona-7842,2.0 Turbo Manual,930618-5
Volkswagen,Tiguan-9678,1.4 Fire Manual,441060-2
BMW,X1-1454,3.0 Diesel CVT,178856-9
Fiat,Fastback-8237,1.4 Fire Manual,160883-2
Volkswagen,Polo-4676,3.0 Diesel CVT,871410-7
BMW,X3-2597,1.0 Turbo CVT,145470-1
Ford,Fiesta-9312,1.4 Fire Aut,400896-2
BMW,320i-8968,3.0 Diesel Manual,309542-4
Chevrolet,Onix-9238,2.0 Turbo Manual,745906-3
Toyota,Corolla-2508,3.0 Diesel Manual,708667-8
Volkswagen,Virtus-0626,1.0 Flex CVT,313418-3
Ford,Territory-8650,3.0 Diesel CVT,998545-3
Toyota,RAV4-4571,1.0 Flex Aut,702051-9
Volkswagen,Nivus-2575,3.0 Diesel AWD,384126-9
Volkswagen,Virtus-9276,2.5 Híbrido AWD,687567-2
Toyota,Prius-9323,1.0 Flex AWD,785118-2
Toyota,Hilux-6432,1.4 Fire AWD,983197-7
Hyundai,Creta-0735,1.0 Flex CVT,864656-2
Volkswagen,Gol-3839,2.5 Híbrido Manual,985712-8
Toyota,SW4-2300,2.0 Turbo DSG,034069-4
Ford,Territory-1669,1.0 Turbo CVT,884183-9
Tesla,Model Y-0695,2.5 Híbrido DSG,277694-6
Hyundai,Tucson-4650,1.5 Flex DSG,656521-3
BMW,X5-6535,Elétrico 150kW DSG,618373-1
BMW,M4-3781,1.0 Turbo CVT,294385-5
BMW,M4-1115,1.4 Fire Manual,466745-8
Ford,Territory-9473,2.5 Híbrido Manual,901532-1
Ford,Maverick-7367,Híbrido Plug-in CVT,139366-4
Chevrolet,Spin-0291,1.0 Flex Aut,021571-1
BMW,X5-9398,2.5 Híbrido AWD,171015-6
BMW,X5-0444,1.0 Flex Manual,005869-7
Chevrolet,Cruze-3315,1.5 Flex Aut,906153-1
Volkswagen,T-Cross-4429,3.0 Diesel AWD,756065-5
Chevrolet,Onix-9091,1.4 Fire AWD,731360-1
Fiat,Toro-1414,Elétrico 150kW Manual,333539-3
Fiat,Cronos-9263,2.5 Híbrido Aut,233656-2
Volkswagen,Nivus-1373,1.5 Flex CVT,102378-8
Hyundai,Tucson-1113,1.0 Flex DSG,042120-6
Tesla,Model S-9051,1.4 Fire CVT,772081-1
Tesla,Model S-0530,2.5 Híbrido CVT,110505-5
Volkswagen,T-Cross-7510,2.5 Híbrido AWD,490036-9
Chevrolet,Spin-5075,Híbrido Plug-in AWD,826574-8
Volkswagen,Gol-8456,1.0 Turbo DSG,818528-2
Toyota,SW4-7347,Elétrico 150kW Aut,719287-9
Toyota,SW4-1953,2.5 Híbrido AWD,040163-5
Volkswagen,Gol-1025,3.0 Diesel Aut,394611-7
Fiat,Pulse-5660,1.5 Flex Manual,460081-2
Ford,Fiesta-4179,Elétrico 150kW Aut,010217-8
Ford,Maverick-2978,Elétrico 150kW AWD,064014-3
Chevrolet,Cruze-8943,1.0 Turbo Manual,157455-9
BMW,320i-6232,2.0 Turbo AWD,195120-9
Fiat,Argo-7283,Híbrido Plug-in AWD,642153-6
Volkswagen,Tiguan-8602,1.4 Fire DSG,638338-1
Chevrolet,Cruze-1924,1.0 Flex Manual,140674-4
Hyundai,HB20-1903,1.4 Fire DSG,382440-7
BMW,320i-6376,1.0 Turbo AWD,131827-9
BMW,X5-4910,3.0 Diesel Manual,427749-1
Toyota,RAV4-8942,1.0 Flex CVT,995451-1
BMW,X5-5466,Elétrico 150kW Manual,520496-4
Volkswagen,Virtus-8056,1.4 Fire CVT,786681-3
Tesla,Model Y-1126,1.5 Flex Manual,030133-2
Toyota,Hilux-6993,2.5 Híbrido DSG,468666-2
Tesla,Model S-6761,3.0 Diesel CVT,498976-6
Hyundai,Kona-5013,1.4 Fire AWD,539798-8
Hyundai,Elantra-3262,1.5 Flex Aut,060089-4
Ford,Fiesta-5491,2.0 Turbo Aut,898594-9
Hyundai,Elantra-0435,2.0 Turbo DSG,335974-6
Hyundai,IX35-5035,Elétrico 150kW Aut,292656-7
Chevrolet,S10-7697,Híbrido Plug-in AWD,048008-4
Tesla,Model Y-4636,1.0 Turbo AWD,876252-7
Toyota,SW4-5937,1.4 Fire DSG,907070-1
Volkswagen,Gol-6424,2.5 Híbrido Aut,842508-7
Fiat,Pulse-7096,Elétrico 150kW AWD,018322-5
Toyota,RAV4-2351,2.5 Híbrido DSG,926021-8
Volkswagen,Gol-7953,2.0 Turbo Aut,265593-2
Fiat,Pulse-3860,Híbrido Plug-in Aut,483937-4
Ford,Maverick-6971,Elétrico 150kW CVT,051221-1
Tesla,Model X-3433,1.5 Flex Aut,389708-4
Hyundai,IX35-1861,1.5 Flex AWD,587318-2
Ford,Territory-8146,1.4 Fire Manual,188090-7
Volkswagen,Virtus-6151,Elétrico 150kW CVT,951713-6
Tesla,Model 3-1539,Híbrido Plug-in Manual,120575-1
Fiat,Toro-3025,Elétrico 150kW Aut,747057-9
Ford,Maverick-6734,2.0 Turbo AWD,093910-6
Hyundai,Tucson-7300,2.5 Híbrido Aut,452305-6
Toyota,RAV4-7542,1.0 Flex DSG,239630-2
Hyundai,Elantra-1467,Elétrico 150kW Aut,971479-4
Fiat,Argo-3019,1.0 Turbo CVT,898848-8
Tesla,Model 3-1711,Elétrico 150kW CVT,915412-1
Hyundai,HB20-7878,1.4 Fire DSG,959270-8
Toyota,Yaris-9493,2.0 Turbo DSG,723907-3
Chevrolet,S10-6872,2.0 Turbo DSG,726723-1
Toyota,Corolla-9509,2.0 Turbo CVT,528375-9
Ford,Ranger-3290,Elétrico 150kW Manual,174026-5
Tesla,Model X-8793,2.5 Híbrido Manual,761643-7
BMW,X5-1090,Híbrido Plug-in DSG,754242-4
Fiat,Fastback-5147,2.0 Turbo Aut,758895-3
Chevrolet,Tracker-4319,2.0 Turbo CVT,314354-4
Volkswagen,T-Cross-9440,Híbrido Plug-in AWD,514455-1
Tesla,Model S-5660,Elétrico 150kW DSG,159132-4
Ford,Territory-1718,1.0 Turbo Manual,840593-3
Ford,Ka-5936,1.5 Flex Manual,407952-9
Toyota,Yaris-7510,Elétrico 150kW Manual,802332-9
Hyundai,HB20-4652,Híbrido Plug-in Aut,346401-8
Chevrolet,S10-8027,Híbrido Plug-in AWD,140109-7
Toyota,Corolla-5966,Híbrido Plug-in AWD,977409-4
Fiat,Strada-0285,Híbrido Plug-in Manual,772874-2
Fiat,Strada-0027,1.5 Flex Aut,554467-7
Ford,Ka-5248,3.0 Diesel AWD,693263-2
Hyundai,Creta-2918,3.0 Diesel AWD,670074-1
Tesla,Model Y-1210,2.0 Turbo DSG,892376-1
Ford,Territory-8961,3.0 Diesel Manual,346221-5
Fiat,Fastback-2000,1.5 Flex AWD,125519-8
Tesla,Model S-5002,3.0 Diesel Aut,499284-1
Ford,Ka-4101,1.4 Fire Aut,672150-7
Fiat,Pulse-2599,1.0 Turbo Aut,274744-5
Tesla,Model 3-8638,3.0 Diesel AWD,057612-2
Hyundai,Kona-7723,3.0 Diesel Manual,938655-1
Fiat,Pulse-1575,2.5 Híbrido AWD,956794-6
BMW,520i-6784,Elétrico 150kW AWD,636327-6
BMW,X1-6860,1.4 Fire Aut,262795-5
Ford,Ka-9964,1.4 Fire DSG,797409-9
Toyota,RAV4-7409,3.0 Diesel DSG,581730-8
BMW,X5-9389,3.0 Diesel Aut,616604-8
Chevrolet,Onix-5680,1.4 Fire Manual,697463-4
Toyota,Prius-0497,2.5 Híbrido Aut,856057-4
BMW,520i-0002,2.0 Turbo CVT,199211-8
Tesla,Model 3-2586,1.5 Flex Aut,928666-6
Tesla,Model 3-8927,1.4 Fire AWD,411204-2
Fiat,Toro-6158,2.0 Turbo Manual,548347-2
Fiat,Cronos-3403,2.5 Híbrido DSG,234361-6
Ford,Territory-5203,1.0 Turbo Aut,784408-9
Volkswagen,T-Cross-2224,2.0 Turbo DSG,621115-6
Fiat,Argo-8819,1.5 Flex CVT,244728-3
Fiat,Argo-3454,1.0 Turbo CVT,178425-4
Volkswagen,Polo-0128,2.0 Turbo DSG,458282-6
Volkswagen,Virtus-3111,3.0 Diesel AWD,521810-5
Volkswagen,T-Cross-5426,1.5 Flex DSG,034275-6
Fiat,Argo-0220,1.4 Fire AWD,665516-1
Volkswagen,T-Cross-6513,Elétrico 150kW Aut,534303-8
Ford,Fiesta-9457,3.0 Diesel AWD,574393-8
Tesla,Model 3-2319,1.0 Flex DSG,692239-1
Hyundai,HB20-3079,1.4 Fire AWD,374569-9
BMW,X3-8471,Elétrico 150kW DSG,328363-3
Hyundai,Elantra-5396,Híbrido Plug-in Aut,342727-5
Chevrolet,Montana-6318,3.0 Diesel DSG,921161-7
Ford,Fiesta-7650,1.0 Flex AWD,245632-3
Ford,EcoSport-3950,1.4 Fire AWD,697566-1
Hyundai,Kona-2914,Híbrido Plug-in CVT,281617-3
Volkswagen,Tiguan-3898,2.5 Híbrido Manual,241886-9
Fiat,Argo-3512,3.0 Diesel AWD,658390-5
BMW,M4-9894,1.4 Fire CVT,693937-4
Fiat,Fastback-6637,3.0 Diesel DSG,755932-5
Chevrolet,Tracker-9786,2.5 Híbrido DSG,439269-4
Hyundai,Creta-2631,2.5 Híbrido DSG,367532-6
Tesla,Model S-7706,3.0 Diesel DSG,476046-1
Hyundai,Kona-3522,Híbrido Plug-in AWD,793725-9
Tesla,Model X-0413,Elétrico 150kW DSG,468073-8
Ford,Maverick-1361,1.5 Flex Manual,253680-3
Chevrolet,S10-3328,2.0 Turbo Aut,833763-7
Tesla,Model Y-5808,2.0 Turbo Aut,538155-8
BMW,320i-4984,Híbrido Plug-in DSG,944744-4
Fiat,Toro-4537,1.0 Flex DSG,136217-8
Volkswagen,Gol-1518,3.0 Diesel CVT,628627-2
Fiat,Fastback-0910,1.5 Flex Aut,798219-2
Toyota,Corolla-3054,3.0 Diesel Aut,115302-9
Toyota,RAV4-8915,1.0 Flex Manual,387187-1
Chevrolet,Cruze-6836,2.5 Híbrido CVT,912965-7
Toyota,Prius-4360,1.5 Flex AWD,663925-6
BMW,320i-0437,2.5 Híbrido AWD,013445-3
Fiat,Argo-7999,1.4 Fire Aut,409509-7
Tesla,Model S-1446,Híbrido Plug-in Manual,383441-1
Ford,Fiesta-9032,2.5 Híbrido CVT,545509-2
Ford,Maverick-8929,1.0 Turbo Manual,183922-7
Hyundai,Kona-3057,2.5 Híbrido Manual,443208-1
Tesla,Model Y-3408,2.5 Híbrido Aut,413083-7
Toyota,SW4-2759,Híbrido Plug-in CVT,720496-7
Hyundai,IX35-5949,1.0 Turbo CVT,976569-8
Fiat,Strada-8703,2.5 Híbrido Manual,213947-2
Hyundai,Tucson-3618,Híbrido Plug-in CVT,781457-6
Ford,Maverick-4232,1.0 Flex Aut,779298-6
Hyundai,Kona-5630,Híbrido Plug-in Aut,603747-4
Volkswagen,Tiguan-3486,Elétrico 150kW Aut,289925-9
Chevrolet,Montana-4931,1.0 Flex Manual,073221-1
Hyundai,Tucson-1929,1.5 Flex DSG,723691-6
Volkswagen,Virtus-0923,Híbrido Plug-in CVT,015212-9
Hyundai,HB20-1150,1.0 Turbo Aut,806676-7
Fiat,Fastback-4799,2.0 Turbo AWD,285720-2
BMW,320i-7873,1.5 Flex AWD,402212-2
Fiat,Pulse-4640,1.5 Flex AWD,617357-9
Volkswagen,Virtus-1372,2.5 Híbrido CVT,117576-9
Tesla,Model 3-9458,1.0 Turbo Manual,922095-6
Tesla,Model X-9833,1.0 Turbo AWD,999222-8
Toyota,RAV4-8727,1.0 Flex DSG,877438-2
Chevrolet,Tracker-7161,1.0 Flex Manual,177090-8
Volkswagen,Virtus-3364,Elétrico 150kW CVT,191198-1
Chevrolet,Montana-0155,2.0 Turbo DSG,000476-1
Chevrolet,Spin-2982,1.5 Flex AWD,161479-4
Tesla,Model 3-3862,Elétrico 150kW DSG,939325-2
Fiat,Fastback-7355,1.0 Flex Manual,385408-5
BMW,520i-7499,1.0 Flex Manual,178269-8
Chevrolet,Tracker-8739,3.0 Diesel Manual,407963-9
Ford,Maverick-4820,3.0 Diesel DSG,529890-8
Chevrolet,Onix-4252,1.5 Flex CVT,643973-4
Hyundai,Creta-4388,2.0 Turbo CVT,144632-8
Chevrolet,Montana-1275,1.0 Turbo Manual,174265-2
Fiat,Strada-2348,2.0 Turbo AWD,247526-4
Chevrolet,Montana-8911,Híbrido Plug-in Aut,016598-4
Toyota,Yaris-9450,Elétrico 150kW AWD,693391-2
Volkswagen,Tiguan-3931,1.4 Fire DSG,973150-7
Volkswagen,Tiguan-6046,2.0 Turbo Aut,758152-7
Chevrolet,Cruze-5503,Elétrico 150kW Aut,122696-5
Chevrolet,Montana-8373,2.0 Turbo DSG,461425-4
Toyota,Prius-4994,3.0 Diesel DSG,860962-2
BMW,X1-5297,2.5 Híbrido CVT,374696-4
Hyundai,HB20-8131,2.0 Turbo DSG,489011-5
Ford,EcoSport-1289,1.4 Fire DSG,060794-9
BMW,320i-4079,2.5 Híbrido CVT,095955-3
Fiat,Toro-5216,2.5 Híbrido Aut,280832-2
Volkswagen,Tiguan-4780,2.0 Turbo Aut,705236-7
Volkswagen,Virtus-3837,2.0 Turbo Aut,992686-1
Ford,Maverick-4451,1.0 Flex Manual,602337-2
BMW,320i-6785,3.0 Diesel AWD,904448-2
Toyota,SW4-9642,Elétrico 150kW Manual,857384-9
Ford,Fiesta-9889,3.0 Diesel AWD,261237-5
Volkswagen,Gol-0562,2.5 Híbrido AWD,741463-1
Toyota,SW4-9482,1.0 Turbo Manual,116917-5
Volkswagen,Virtus-6418,2.5 Híbrido AWD,766411-4
Fiat,Pulse-6920,2.0 Turbo DSG,154044-6
Volkswagen,Tiguan-8684,2.5 Híbrido AWD,885575-9
BMW,520i-2714,1.4 Fire AWD,788701-4
Toyota,SW4-4066,1.0 Turbo Aut,544324-8
Ford,Maverick-2311,Híbrido Plug-in Manual,345264-5
Volkswagen,Gol-2246,3.0 Diesel DSG,213745-5
Chevrolet,Cruze-9182,2.0 Turbo AWD,086111-9
Fiat,Pulse-6992,1.4 Fire Manual,012192-5
Fiat,Strada-7108,Híbrido Plug-in CVT,274211-2
Ford,Territory-2955,1.4 Fire DSG,710637-5
Volkswagen,Virtus-2364,1.5 Flex Aut,344640-5
Volkswagen,Gol-6007,2.0 Turbo DSG,266052-7
Ford,Territory-4463,2.0 Turbo Manual,767484-4
Ford,Fiesta-7225,1.0 Flex DSG,547035-8
Chevrolet,Tracker-0162,3.0 Diesel AWD,250019-6
BMW,X5-6085,1.0 Turbo AWD,411926-7
BMW,M4-1163,Híbrido Plug-in Manual,172229-7
BMW,520i-7508,Elétrico 150kW AWD,880003-3
Hyundai,Tucson-1309,1.5 Flex Manual,771366-3
Chevrolet,Spin-5708,1.5 Flex DSG,192780-2
Chevrolet,Tracker-6316,3.0 Diesel Aut,102583-4
Tesla,Model 3-4235,1.0 Flex CVT,409570-5
Hyundai,HB20-7146,1.0 Flex Aut,295721-2
BMW,X5-4488,Híbrido Plug-in CVT,712419-5
Hyundai,Kona-1838,1.0 Flex CVT,491217-3
Fiat,Fastback-5420,1.0 Turbo CVT,787021-5
Toyota,Prius-6603,1.0 Flex AWD,078970-8
Tesla,Cybertruck-9099,1.0 Flex DSG,617500-8
Chevrolet,Montana-0455,Elétrico 150kW Aut,380676-7
Chevrolet,Spin-3609,3.0 Diesel DSG,386397-1
Hyundai,Creta-2324,2.5 Híbrido Manual,485027-5
Volkswagen,Gol-1634,1.0 Turbo CVT,217278-9
Tesla,Model 3-6650,Elétrico 150kW Aut,252235-7
BMW,X1-6336,3.0 Diesel DSG,156464-7
Volkswagen,Nivus-7740,1.4 Fire AWD,268736-2
Ford,Territory-2065,2.5 Híbrido CVT,867690-1
Toyota,Hilux-2987,2.5 Híbrido Aut,038657-5
Chevrolet,Tracker-1875,1.0 Turbo CVT,643830-9
Tesla,Model 3-6077,Elétrico 150kW Manual,757625-5
Volkswagen,Tiguan-8703,Elétrico 150kW DSG,139466-9
Fiat,Fastback-6768,1.4 Fire AWD,865083-9
Fiat,Cronos-7409,Elétrico 150kW DSG,725245-8
Fiat,Cronos-6618,3.0 Diesel DSG,791209-8
Chevrolet,Tracker-1081,Híbrido Plug-in DSG,475444-6
Volkswagen,Virtus-5348,1.0 Flex DSG,286186-5
Toyota,Prius-2137,1.4 Fire Manual,893642-1
Hyundai,Creta-2542,1.5 Flex Manual,453147-9
Ford,EcoSport-5519,Híbrido Plug-in Manual,510667-3
BMW,X3-9410,Híbrido Plug-in DSG,224498-6
Toyota,SW4-7034,Elétrico 150kW CVT,830108-4
BMW,X3-6406,1.5 Flex Aut,711073-2
Hyundai,HB20-8289,1.5 Flex Manual,525811-5
Fiat,Argo-0183,1.0 Turbo CVT,736912-9
Tesla,Model 3-4627,3.0 Diesel CVT,552069-4
Toyota,Corolla-8925,3.0 Diesel Manual,324302-2
Chevrolet,Cruze-3894,1.4 Fire DSG,902867-7
Volkswagen,Polo-6525,1.5 Flex AWD,200018-5
Hyundai,Creta-9723,1.0 Turbo Manual,883735-1
Toyota,SW4-8095,1.5 Flex AWD,963468-8
Volkswagen,Tiguan-8122,2.0 Turbo Aut,151879-2
BMW,X1-8950,Elétrico 150kW CVT,791536-2
BMW,320i-3190,1.0 Turbo AWD,784152-9
Tesla,Cybertruck-9196,3.0 Diesel Aut,062185-7
Tesla,Cybertruck-7725,2.5 Híbrido Aut,519548-6
Ford,Maverick-1599,2.0 Turbo DSG,326004-2
BMW,X1-2532,2.5 Híbrido DSG,460132-8
Chevrolet,Cruze-9733,Elétrico 150kW DSG,565670-9
Fiat,Argo-1066,1.5 Flex Aut,554278-3
Volkswagen,Virtus-6025,1.5 Flex Manual,465608-4
Fiat,Fastback-1447,Híbrido Plug-in Manual,606119-7
Fiat,Fastback-0015,1.0 Turbo Manual,494470-7
Hyundai,Tucson-8257,2.5 Híbrido Manual,097886-7
Volkswagen,Nivus-1039,Elétrico 150kW AWD,409877-7
Toyota,RAV4-7355,1.0 Turbo Manual,382244-8
BMW,320i-3970,3.0 Diesel CVT,688800-6
Fiat,Argo-7006,1.0 Flex CVT,575530-5
Chevrolet,S10-3546,Híbrido Plug-in Manual,240120-5
Ford,Territory-5045,3.0 Diesel AWD,830577-6
BMW,520i-4299,1.0 Turbo CVT,792603-9
Hyundai,IX35-9216,3.0 Diesel CVT,123128-5
Fiat,Toro-8742,1.0 Flex AWD,264982-6
BMW,M4-7321,1.4 Fire Aut,588822-5
Hyundai,Kona-1338,1.0 Flex Manual,536259-6
Hyundai,IX35-4235,3.0 Diesel DSG,452610-4
Fiat,Strada-6584,Híbrido Plug-in Manual,326546-4
Hyundai,HB20-8978,1.0 Flex AWD,913855-1
Volkswagen,Virtus-1550,2.5 Híbrido DSG,072647-8
Toyota,Prius-7902,1.5 Flex CVT,507426-7
Toyota,SW4-8961,1.4 Fire CVT,138502-8
Tesla,Model Y-4161,3.0 Diesel CVT,738540-5
Chevrolet,S10-7825,Elétrico 150kW Aut,088398-2
Tesla,Model Y-5157,Elétrico 150kW Aut,031202-9
Tesla,Model S-3298,Híbrido Plug-in DSG,914084-6
